"행정구역","2026년08월_계_총인구수","2026년08월_계_연령구간인구수","2026년08월_계_0~4세","2026년08월_계_5~9세","2026년08월_계_10~14세","2026년08월_계_15~19세","2026년08월_계_20~24세","2026년08월_계_25~29세","2026년08월_계_30~34세","2026년08월_계_35~39세","2026년08월_계_40~44세","2026년08월_계_45~49세","2026년08월_계_50~54세","2026년08월_계_55~59세","2026년08월_계_60~64세","2026년08월_계_65~69세","2026년08월_계_70~74세","2026년08월_계_75~79세","2026년08월_계_80~84세","2026년08월_계_85~89세","2026년08월_계_90~94세","2026년08월_계_95~99세","2026년08월_계_100세 이상","2026년08월_남_총인구수","2026년08월_남_연령구간인구수","2026년08월_남_0~4세","2026년08월_남_5~9세","2026년08월_남_10~14세","2026년08월_남_15~19세","2026년08월_남_20~24세","2026년08월_남_25~29세","2026년08월_남_30~34세","2026년08월_남_35~39세","2026년08월_남_40~44세","2026년08월_남_45~49세","2026년08월_남_50~54세","2026년08월_남_55~59세","2026년08월_남_60~64세","2026년08월_남_65~69세","2026년08월_남_70~74세","2026년08월_남_75~79세","2026년08월_남_80~84세","2026년08월_남_85~89세","2026년08월_남_90~94세","2026년08월_남_95~99세","2026년08월_남_100세 이상","2026년08월_여_총인구수","2026년08월_여_연령구간인구수","2026년08월_여_0~4세","2026년08월_여_5~9세","2026년08월_여_10~14세","2026년08월_여_15~19세","2026년08월_여_20~24세","2026년08월_여_25~29세","2026년08월_여_30~34세","2026년08월_여_35~39세","2026년08월_여_40~44세","2026년08월_여_45~49세","2026년08월_여_50~54세","2026년08월_여_55~59세","2026년08월_여_60~64세","2026년08월_여_65~69세","2026년08월_여_70~74세","2026년08월_여_75~79세","2026년08월_여_80~84세","2026년08월_여_85~89세","2026년08월_여_90~94세","2026년08월_여_95~99세","2026년08월_여_100세 이상"
"서울특별시  (1100000000)","9,281,625","9,281,625","206,719","244,007","341,692","372,289","479,424","745,393","809,324","661,252","661,889","691,276","718,462","740,442","648,205","666,484","501,292","353,699","243,465","135,852","48,160","10,796","1,503","4,466,290","4,466,290","105,717","125,654","175,074","188,724","222,784","347,678","402,727","331,402","328,037","340,125","353,938","362,472","314,718","310,166","228,028","156,438","103,295","51,886","14,629","2,475","323","4,815,335","4,815,335","101,002","118,353","166,618","183,565","256,640","397,715","406,597","329,850","333,852","351,151","364,524","377,970","333,487","356,318","273,264","197,261","140,170","83,966","33,531","8,321","1,180"
"서울특별시 종로구 (1111000000)","135,935","135,935","2,194","2,702","4,044","4,998","7,846","11,871","11,292","8,618","8,715","9,255","10,369","11,964","10,647","10,267","7,545","5,323","4,273","2,688","1,023","257","44","65,042","65,042","1,144","1,367","1,975","2,456","3,469","5,621","5,715","4,227","4,249","4,360","5,006","5,886","5,391","5,045","3,639","2,315","1,707","1,048","343","65","14","70,893","70,893","1,050","1,335","2,069","2,542","4,377","6,250","5,577","4,391","4,466","4,895","5,363","6,078","5,256","5,222","3,906","3,008","2,566","1,640","680","192","30"
"서울특별시 중구 (1114000000)","117,305","117,305","2,500","2,293","2,678","3,172","5,519","9,628","11,629","9,638","8,336","7,775","8,173","9,494","8,667","9,035","6,902","4,910","3,652","2,220","845","211","28","56,257","56,257","1,283","1,174","1,365","1,543","2,487","4,268","5,667","4,868","4,145","3,912","4,043","4,795","4,313","4,430","3,263","2,179","1,441","793","231","52","5","61,048","61,048","1,217","1,119","1,313","1,629","3,032","5,360","5,962","4,770","4,191","3,863","4,130","4,699","4,354","4,605","3,639","2,731","2,211","1,427","614","159","23"
"서울특별시 용산구 (1117000000)","199,459","199,459","4,779","4,948","6,010","6,542","9,376","15,995","20,281","16,670","15,011","13,912","14,952","16,371","14,226","13,590","9,784","6,726","5,140","3,392","1,379","315","60","94,706","94,706","2,407","2,482","3,131","3,279","3,997","7,186","9,702","8,231","7,486","6,778","7,123","7,977","7,064","6,572","4,535","2,967","2,017","1,242","412","98","20","104,753","104,753","2,372","2,466","2,879","3,263","5,379","8,809","10,579","8,439","7,525","7,134","7,829","8,394","7,162","7,018","5,249","3,759","3,123","2,150","967","217","40"
"서울특별시 성동구 (1120000000)","274,199","274,199","8,041","7,554","8,134","8,911","14,798","22,270","25,302","22,965","20,752","18,706","20,289","22,291","19,311","19,120","13,313","9,616","7,011","4,090","1,397","296","32","132,196","132,196","4,111","3,890","4,102","4,350","6,820","10,760","12,357","11,322","10,625","9,172","9,852","10,935","9,553","9,228","6,155","4,182","2,855","1,466","398","58","5","142,003","142,003","3,930","3,664","4,032","4,561","7,978","11,510","12,945","11,643","10,127","9,534","10,437","11,356","9,758","9,892","7,158","5,434","4,156","2,624","999","238","27"
"서울특별시 광진구 (1121500000)","330,791","330,791","5,925","7,255","10,603","12,140","19,921","33,994","33,490","23,719","22,612","23,141","24,260","26,247","23,047","22,895","16,308","11,180","7,723","4,394","1,563","329","45","158,118","158,118","3,030","3,708","5,435","6,018","8,971","15,515","16,516","11,905","11,029","11,374","11,811","12,652","11,311","10,786","7,459","4,969","3,323","1,760","460","73","13","172,673","172,673","2,895","3,547","5,168","6,122","10,950","18,479","16,974","11,814","11,583","11,767","12,449","13,595","11,736","12,109","8,849","6,211","4,400","2,634","1,103","256","32"
"서울특별시 동대문구 (1123000000)","353,448","353,448","9,050","9,019","10,763","12,441","24,259","31,216","30,643","25,904","24,457","24,099","25,450","27,172","23,872","24,983","18,842","13,385","10,017","5,549","1,888","389","50","172,051","172,051","4,684","4,550","5,519","6,199","10,841","15,023","15,302","13,316","12,550","12,221","12,838","13,587","12,038","11,915","8,743","5,841","4,113","2,067","600","95","9","181,397","181,397","4,366","4,469","5,244","6,242","13,418","16,193","15,341","12,588","11,907","11,878","12,612","13,585","11,834","13,068","10,099","7,544","5,904","3,482","1,288","294","41"
"서울특별시 중랑구 (1126000000)","376,504","376,504","7,969","8,085","10,856","11,965","16,134","27,790","33,240","26,309","24,858","25,471","27,495","33,061","31,823","32,605","23,434","16,036","10,899","5,999","1,978","434","63","183,550","183,550","4,029","4,110","5,616","6,081","7,595","12,980","16,668","13,634","12,899","13,245","13,824","16,065","15,594","15,629","10,996","7,083","4,510","2,310","582","89","11","192,954","192,954","3,940","3,975","5,240","5,884","8,539","14,810","16,572","12,675","11,959","12,226","13,671","16,996","16,229","16,976","12,438","8,953","6,389","3,689","1,396","345","52"
"서울특별시 성북구 (1129000000)","421,106","421,106","9,433","11,429","15,510","18,194","29,224","32,604","30,426","26,692","28,652","30,226","34,480","35,630","28,945","29,517","22,043","16,053","12,096","6,962","2,376","541","73","200,771","200,771","4,839","5,908","7,903","9,018","12,902","15,790","15,111","13,336","14,330","14,787","16,655","17,619","13,907","13,646","9,991","6,737","4,891","2,548","721","117","15","220,335","220,335","4,594","5,521","7,607","9,176","16,322","16,814","15,315","13,356","14,322","15,439","17,825","18,011","15,038","15,871","12,052","9,316","7,205","4,414","1,655","424","58"
"서울특별시 강북구 (1130500000)","277,509","277,509","4,093","5,205","7,797","9,774","14,383","18,915","19,158","15,339","16,633","18,978","22,549","25,385","23,024","24,559","18,669","14,320","10,585","5,869","1,844","382","48","133,228","133,228","2,048","2,674","4,040","4,870","6,229","9,070","9,987","8,093","8,737","9,846","11,339","12,385","11,237","11,401","8,252","5,982","4,194","2,172","580","81","11","144,281","144,281","2,045","2,531","3,757","4,904","8,154","9,845","9,171","7,246","7,896","9,132","11,210","13,000","11,787","13,158","10,417","8,338","6,391","3,697","1,264","301","37"
"서울특별시 도봉구 (1132000000)","297,820","297,820","4,982","6,389","9,585","11,225","13,440","18,675","20,134","16,950","18,541","20,336","23,670","27,508","25,508","27,680","20,404","14,017","10,156","6,068","2,044","438","70","143,615","143,615","2,558","3,348","4,990","5,828","6,364","9,300","10,395","8,719","9,441","10,117","11,539","13,040","12,101","12,821","9,518","6,300","4,241","2,279","601","96","19","154,205","154,205","2,424","3,041","4,595","5,397","7,076","9,375","9,739","8,231","9,100","10,219","12,131","14,468","13,407","14,859","10,886","7,717","5,915","3,789","1,443","342","51"
"서울특별시 노원구 (1135000000)","480,045","480,045","10,232","12,149","19,609","23,539","28,329","31,082","33,082","29,069","31,209","36,465","40,438","41,686","35,450","36,635","27,535","18,798","13,263","7,802","2,943","645","85","229,266","229,266","5,227","6,312","10,083","12,111","14,065","15,707","16,654","14,730","15,051","17,360","19,239","20,154","16,764","16,672","12,366","8,011","5,192","2,602","811","140","15","250,779","250,779","5,005","5,837","9,526","11,428","14,264","15,375","16,428","14,339","16,158","19,105","21,199","21,532","18,686","19,963","15,169","10,787","8,071","5,200","2,132","505","70"
"서울특별시 은평구 (1138000000)","452,626","452,626","9,163","10,407","15,267","17,647","21,117","32,986","37,204","29,957","30,307","33,109","36,986","38,930","33,981","35,143","26,206","19,186","13,856","7,907","2,629","566","72","213,742","213,742","4,779","5,327","7,759","8,946","10,219","14,825","17,763","14,949","15,022","16,186","17,947","18,554","16,055","16,055","11,541","8,152","5,654","3,025","828","137","19","238,884","238,884","4,384","5,080","7,508","8,701","10,898","18,161","19,441","15,008","15,285","16,923","19,039","20,376","17,926","19,088","14,665","11,034","8,202","4,882","1,801","429","53"
"서울특별시 서대문구 (1141000000)","299,492","299,492","6,889","7,928","10,321","11,266","18,962","25,206","24,652","20,886","20,791","20,810","22,857","24,402","20,842","20,890","15,138","11,237","8,719","5,346","1,887","404","59","141,003","141,003","3,517","4,067","5,138","5,521","8,078","11,801","12,141","10,196","10,288","10,165","11,023","11,823","9,985","9,706","6,824","4,621","3,446","1,958","597","94","14","158,489","158,489","3,372","3,861","5,183","5,745","10,884","13,405","12,511","10,690","10,503","10,645","11,834","12,579","10,857","11,184","8,314","6,616","5,273","3,388","1,290","310","45"
"서울특별시 마포구 (1144000000)","356,008","356,008","8,333","9,430","12,296","13,297","20,489","32,714","35,771","28,660","27,442","26,543","28,437","27,335","21,848","20,883","15,254","11,066","8,609","5,191","1,931","427","52","165,141","165,141","4,307","4,808","6,191","6,549","8,837","14,046","16,600","13,623","13,206","12,721","13,567","13,314","10,610","9,616","6,735","4,462","3,341","1,886","595","115","12","190,867","190,867","4,026","4,622","6,105","6,748","11,652","18,668","19,171","15,037","14,236","13,822","14,870","14,021","11,238","11,267","8,519","6,604","5,268","3,305","1,336","312","40"
"서울특별시 양천구 (1147000000)","420,127","420,127","8,129","13,758","22,584","22,978","19,386","25,149","27,133","24,178","31,593","36,765","35,783","34,904","30,673","31,381","23,518","15,445","9,325","5,081","1,888","415","61","204,281","204,281","4,155","7,119","11,633","11,893","9,773","12,303","13,707","11,846","15,055","17,751","17,847","17,136","14,887","14,650","10,871","7,198","4,039","1,827","491","91","9","215,846","215,846","3,974","6,639","10,951","11,085","9,613","12,846","13,426","12,332","16,538","19,014","17,936","17,768","15,786","16,731","12,647","8,247","5,286","3,254","1,397","324","52"
"서울특별시 강서구 (1150000000)","547,821","547,821","12,263","13,618","19,104","20,533","24,001","45,046","54,054","42,785","40,328","40,725","40,857","40,011","37,302","41,234","30,988","21,034","13,024","7,395","2,757","661","101","261,347","261,347","6,261","6,983","9,742","10,465","11,140","19,571","26,382","21,713","20,444","20,236","20,274","19,340","17,339","18,797","13,891","9,578","5,617","2,639","784","137","14","286,474","286,474","6,002","6,635","9,362","10,068","12,861","25,475","27,672","21,072","19,884","20,489","20,583","20,671","19,963","22,437","17,097","11,456","7,407","4,756","1,973","524","87"
"서울특별시 구로구 (1153000000)","382,302","382,302","9,407","9,547","12,602","13,979","16,444","28,372","33,529","28,564","26,469","27,404","29,098","30,377","27,899","29,688","23,149","16,824","10,929","5,672","1,898","406","45","186,391","186,391","4,831","4,923","6,348","7,053","7,954","13,293","16,920","14,696","13,722","13,821","14,663","14,940","13,617","13,746","10,460","7,667","4,811","2,246","583","90","7","195,911","195,911","4,576","4,624","6,254","6,926","8,490","15,079","16,609","13,868","12,747","13,583","14,435","15,437","14,282","15,942","12,689","9,157","6,118","3,426","1,315","316","38"
"서울특별시 금천구 (1154500000)","222,368","222,368","3,888","4,088","5,446","6,353","9,243","21,317","24,224","16,240","13,640","13,615","15,583","18,557","18,636","18,525","13,042","9,173","6,241","3,235","1,075","222","25","111,482","111,482","1,974","2,105","2,787","3,205","4,265","10,152","13,188","8,972","7,483","7,286","7,929","9,195","9,295","9,089","6,075","4,176","2,695","1,241","307","56","7","110,886","110,886","1,914","1,983","2,659","3,148","4,978","11,165","11,036","7,268","6,157","6,329","7,654","9,362","9,341","9,436","6,967","4,997","3,546","1,994","768","166","18"
"서울특별시 영등포구 (1156000000)","371,420","371,420","10,266","9,229","10,950","11,326","16,049","35,266","42,563","32,636","26,959","24,913","26,048","27,520","24,378","24,625","18,132","13,426","9,360","5,378","1,959","383","54","180,924","180,924","5,269","4,694","5,616","5,789","7,273","15,453","20,926","16,733","13,927","12,576","13,096","13,865","12,429","11,896","8,490","5,975","4,026","2,116","654","108","13","190,496","190,496","4,997","4,535","5,334","5,537","8,776","19,813","21,637","15,903","13,032","12,337","12,952","13,655","11,949","12,729","9,642","7,451","5,334","3,262","1,305","275","41"
"서울특별시 동작구 (1159000000)","371,324","371,324","8,400","8,755","11,465","13,310","22,720","35,920","35,334","27,051","24,902","25,409","27,541","28,642","24,421","25,222","19,138","14,478","10,338","5,770","1,999","457","52","179,201","179,201","4,360","4,487","5,878","6,830","10,538","17,275","18,076","13,823","12,633","12,685","13,421","13,895","11,664","11,535","8,519","6,107","4,436","2,282","636","111","10","192,123","192,123","4,040","4,268","5,587","6,480","12,182","18,645","17,258","13,228","12,269","12,724","14,120","14,747","12,757","13,687","10,619","8,371","5,902","3,488","1,363","346","42"
"서울특별시 관악구 (1162000000)","477,297","477,297","6,523","6,798","9,902","13,374","32,048","68,601","59,751","35,335","28,208","28,955","31,238","32,639","29,401","30,264","23,826","18,408","12,841","6,694","2,022","418","51","239,751","239,751","3,236","3,535","5,040","6,646","14,312","33,658","33,181","19,985","15,434","15,494","16,359","16,546","14,691","13,935","10,641","8,059","5,539","2,691","678","83","8","237,546","237,546","3,287","3,263","4,862","6,728","17,736","34,943","26,570","15,350","12,774","13,461","14,879","16,093","14,710","16,329","13,185","10,349","7,302","4,003","1,344","335","43"
"서울특별시 서초구 (1165000000)","416,928","416,928","10,791","15,426","22,721","23,105","20,781","26,614","29,417","28,042","33,393","37,790","36,787","32,603","24,628","24,315","19,498","14,255","9,444","4,959","1,842","455","62","197,836","197,836","5,543","7,974","11,506","11,540","9,969","12,390","14,014","12,709","15,234","17,521","17,750","16,197","11,921","11,076","8,708","6,437","4,399","2,167","645","120","16","219,092","219,092","5,248","7,452","11,215","11,565","10,812","14,224","15,403","15,333","18,159","20,269","19,037","16,406","12,707","13,239","10,790","7,818","5,045","2,792","1,197","335","46"
"서울특별시 강남구 (1168000000)","552,357","552,357","12,503","18,487","31,477","32,288","25,909","35,299","40,826","37,817","45,452","53,308","48,348","40,777","31,613","31,570","26,765","18,874","11,950","6,127","2,273","593","101","263,451","263,451","6,406","9,547","16,443","16,784","12,600","15,929","19,392","17,500","20,205","24,760","23,971","20,512","15,520","14,273","11,825","8,538","5,674","2,691","721","141","19","288,906","288,906","6,097","8,940","15,034","15,504","13,309","19,370","21,434","20,317","25,247","28,548","24,377","20,265","16,093","17,297","14,940","10,336","6,276","3,436","1,552","452","82"
"서울특별시 송파구 (1171000000)","649,212","649,212","16,934","22,181","29,285","28,573","28,336","45,983","56,090","50,458","52,634","52,395","49,245","49,411","43,464","44,702","33,876","22,102","13,286","6,806","2,717","646","88","310,414","310,414","8,557","11,407","14,874","14,379","13,851","20,717","26,848","24,108","25,200","25,253","24,015","23,770","20,836","20,480","15,733","10,502","6,179","2,730","823","130","22","338,798","338,798","8,377","10,774","14,411","14,194","14,485","25,266","29,242","26,350","27,434","27,142","25,230","25,641","22,628","24,222","18,143","11,600","7,107","4,076","1,894","516","66"
"서울특별시 강동구 (1174000000)","498,222","498,222","14,032","17,327","22,683","21,359","20,710","32,880","40,099","36,770","39,995","41,171","37,529","37,525","34,599","37,156","27,983","17,827","10,728","5,258","2,003","506","82","242,526","242,526","7,162","9,155","11,960","11,371","10,235","15,045","19,515","18,168","19,642","20,498","18,807","18,290","16,596","17,167","12,798","8,400","4,955","2,100","548","98","16","255,696","255,696","6,870","8,172","10,723","9,988","10,475","17,835","20,584","18,602","20,353","20,673","18,722","19,235","18,003","19,989","15,185","9,427","5,773","3,158","1,455","408","66"
"전남광주통합특별시  (1200000000)","3,155,803","3,155,803","75,648","99,500","143,363","153,056","142,809","174,475","184,875","160,304","199,557","232,132","257,072","281,408","261,416","258,801","179,219","143,862","104,927","69,991","26,692","5,931","765","1,578,180","1,578,180","38,591","50,896","73,287","79,097","76,949","94,025","98,681","83,292","102,820","118,907","133,254","146,074","135,023","127,892","85,403","64,422","40,659","21,653","6,146","1,006","103","1,577,623","1,577,623","37,057","48,604","70,076","73,959","65,860","80,450","86,194","77,012","96,737","113,225","123,818","135,334","126,393","130,909","93,816","79,440","64,268","48,338","20,546","4,925","662"
"전남광주통합특별시 목포시 (1211000000)","198,981","198,981","3,565","5,859","10,096","10,858","9,148","10,961","10,304","8,911","13,282","16,551","18,043","17,762","15,890","16,183","11,482","8,932","6,291","3,485","1,104","245","29","98,948","98,948","1,802","2,989","5,183","5,639","4,977","5,973","5,553","4,576","6,775","8,519","9,410","9,152","7,833","7,553","5,226","3,870","2,483","1,131","260","39","5","100,033","100,033","1,763","2,870","4,913","5,219","4,171","4,988","4,751","4,335","6,507","8,032","8,633","8,610","8,057","8,630","6,256","5,062","3,808","2,354","844","206","24"
"전남광주통합특별시 여수시 (1213000000)","259,857","259,857","5,889","7,876","11,503","12,010","10,773","13,129","14,470","12,570","16,107","18,852","21,230","23,782","22,913","23,016","16,763","13,210","8,404","5,097","1,783","418","62","131,941","131,941","3,011","4,054","5,777","6,174","6,065","7,374","8,069","6,754","8,499","9,864","11,148","12,507","11,835","11,176","8,028","6,081","3,386","1,666","401","66","6","127,916","127,916","2,878","3,822","5,726","5,836","4,708","5,755","6,401","5,816","7,608","8,988","10,082","11,275","11,078","11,840","8,735","7,129","5,018","3,431","1,382","352","56"
"전남광주통합특별시 순천시 (1215000000)","273,399","273,399","7,733","9,820","13,589","14,074","13,100","15,541","17,485","15,151","18,092","19,843","22,278","24,909","22,777","21,235","13,469","10,144","6,868","4,735","2,069","432","55","136,375","136,375","3,969","5,108","6,912","7,308","7,157","8,407","9,291","7,813","9,197","9,804","10,998","12,413","11,565","10,526","6,559","4,694","2,639","1,474","463","70","8","137,024","137,024","3,764","4,712","6,677","6,766","5,943","7,134","8,194","7,338","8,895","10,039","11,280","12,496","11,212","10,709","6,910","5,450","4,229","3,261","1,606","362","47"
"전남광주통합특별시 나주시 (1217000000)","116,667","116,667","3,899","4,353","5,477","5,050","4,125","5,546","7,411","7,172","7,959","8,379","8,387","8,830","9,164","9,784","6,821","5,484","4,355","3,030","1,152","251","38","59,091","59,091","2,001","2,242","2,818","2,632","2,290","2,866","3,755","3,648","4,151","4,457","4,700","4,814","4,963","5,100","3,321","2,521","1,627","875","256","44","10","57,576","57,576","1,898","2,111","2,659","2,418","1,835","2,680","3,656","3,524","3,808","3,922","3,687","4,016","4,201","4,684","3,500","2,963","2,728","2,155","896","207","28"
"전남광주통합특별시 광양시 (1219000000)","156,052","156,052","5,052","5,612","7,755","8,112","6,401","9,086","11,069","9,294","10,610","11,764","12,728","16,561","13,569","11,079","6,596","4,638","2,839","2,138","901","225","23","81,891","81,891","2,616","2,827","3,968","4,142","3,691","5,239","6,269","5,079","5,683","6,216","6,506","8,732","7,626","5,768","3,372","2,194","1,065","645","228","24","1","74,161","74,161","2,436","2,785","3,787","3,970","2,710","3,847","4,800","4,215","4,927","5,548","6,222","7,829","5,943","5,311","3,224","2,444","1,774","1,493","673","201","22"
"전남광주통합특별시 동구 (1221000000)","105,328","105,328","3,110","3,424","3,940","3,874","5,959","7,350","7,750","6,618","7,004","7,026","7,406","7,953","7,476","7,969","6,183","5,167","3,827","2,316","781","182","13","51,493","51,493","1,608","1,743","2,035","1,959","2,951","3,704","3,947","3,445","3,600","3,655","3,773","3,992","3,566","3,698","2,786","2,199","1,617","917","252","44","2","53,835","53,835","1,502","1,681","1,905","1,915","3,008","3,646","3,803","3,173","3,404","3,371","3,633","3,961","3,910","4,271","3,397","2,968","2,210","1,399","529","138","11"
"전남광주통합특별시 서구 (1224000000)","274,234","274,234","5,695","8,472","12,435","13,807","14,819","19,616","19,257","14,984","18,222","21,479","23,975","25,174","20,807","19,562","13,245","10,111","6,837","3,885","1,471","335","46","134,015","134,015","2,908","4,427","6,512","7,211","7,656","10,061","10,164","7,756","9,092","10,440","11,506","12,259","10,015","8,984","5,991","4,342","2,833","1,365","420","68","5","140,219","140,219","2,787","4,045","5,923","6,596","7,163","9,555","9,093","7,228","9,130","11,039","12,469","12,915","10,792","10,578","7,254","5,769","4,004","2,520","1,051","267","41"
"전남광주통합특별시 남구 (1227000000)","205,051","205,051","4,504","7,546","11,647","11,300","9,566","11,056","11,910","10,720","14,724","16,918","16,521","16,021","14,634","15,670","11,414","9,405","6,187","3,635","1,326","306","41","97,781","97,781","2,323","3,789","5,790","5,606","4,919","5,629","6,044","5,354","7,107","8,279","8,222","7,608","6,731","6,987","5,025","4,028","2,592","1,330","357","52","9","107,270","107,270","2,181","3,757","5,857","5,694","4,647","5,427","5,866","5,366","7,617","8,639","8,299","8,413","7,903","8,683","6,389","5,377","3,595","2,305","969","254","32"
"전남광주통합특별시 북구 (1230000000)","416,582","416,582","10,641","14,259","19,180","20,152","21,508","26,318","28,865","24,871","28,883","31,659","34,097","36,338","32,526","31,278","20,894","15,754","10,593","5,974","2,240","494","58","205,840","205,840","5,474","7,279","9,828","10,597","11,314","13,892","15,098","12,891","14,952","15,801","17,074","17,840","15,733","14,564","9,580","6,900","4,317","2,050","571","78","7","210,742","210,742","5,167","6,980","9,352","9,555","10,194","12,426","13,767","11,980","13,931","15,858","17,023","18,498","16,793","16,714","11,314","8,854","6,276","3,924","1,669","416","51"
"전남광주통합특별시 광산구 (1233000000)","382,763","382,763","10,344","14,660","21,879","24,463","22,221","26,176","26,931","22,359","28,222","34,324","36,928","34,932","26,436","20,706","12,055","8,866","5,954","3,593","1,366","309","39","193,367","193,367","5,169","7,463","11,251","12,587","11,746","14,119","14,490","11,645","14,234","16,892","18,545","17,826","13,809","10,398","5,697","3,809","2,323","1,033","280","44","7","189,396","189,396","5,175","7,197","10,628","11,876","10,475","12,057","12,441","10,714","13,988","17,432","18,383","17,106","12,627","10,308","6,358","5,057","3,631","2,560","1,086","265","32"
"전남광주통합특별시 담양군 (1271000000)","43,880","43,880","772","839","1,343","1,418","1,286","1,728","1,658","1,476","1,995","2,264","3,150","4,209","4,768","5,148","3,634","3,029","2,447","1,840","711","140","25","22,185","22,185","400","420","698","757","756","995","893","739","1,023","1,254","1,768","2,251","2,595","2,721","1,829","1,433","936","544","145","25","3","21,695","21,695","372","419","645","661","530","733","765","737","972","1,010","1,382","1,958","2,173","2,427","1,805","1,596","1,511","1,296","566","115","22"
"전남광주통합특별시 곡성군 (1272000000)","27,686","27,686","341","416","670","934","866","925","1,017","795","997","1,373","1,933","2,663","3,076","3,390","2,306","2,034","1,648","1,454","654","165","29","13,829","13,829","171","199","352","515","507","514","545","397","533","741","1,066","1,470","1,677","1,838","1,184","931","600","402","156","27","4","13,857","13,857","170","217","318","419","359","411","472","398","464","632","867","1,193","1,399","1,552","1,122","1,103","1,048","1,052","498","138","25"
"전남광주통합특별시 구례군 (1273000000)","24,627","24,627","272","420","706","825","764","814","698","627","920","1,306","1,723","2,530","2,770","3,001","2,074","1,790","1,580","1,208","480","106","13","12,055","12,055","124","216","346","434","420","453","393","297","466","673","936","1,375","1,512","1,560","991","814","555","358","113","17","2","12,572","12,572","148","204","360","391","344","361","305","330","454","633","787","1,155","1,258","1,441","1,083","976","1,025","850","367","89","11"
"전남광주통합특별시 고흥군 (1274000000)","59,011","59,011","808","921","1,380","1,658","1,388","1,524","1,565","1,532","2,041","2,773","3,740","5,096","6,085","7,447","5,895","5,593","4,322","3,393","1,449","350","51","29,315","29,315","413","443","720","895","825","879","883","821","1,150","1,548","2,213","2,953","3,370","3,835","2,873","2,548","1,591","962","325","64","4","29,696","29,696","395","478","660","763","563","645","682","711","891","1,225","1,527","2,143","2,715","3,612","3,022","3,045","2,731","2,431","1,124","286","47"
"전남광주통합특별시 보성군 (1275000000)","38,162","38,162","529","610","930","1,278","1,104","1,164","1,055","1,028","1,425","1,880","2,570","3,440","4,050","4,507","3,599","3,174","2,571","2,143","867","218","20","18,811","18,811","278","314","490","638","613","620","591","555","759","1,034","1,460","1,938","2,207","2,343","1,756","1,438","932","626","176","41","2","19,351","19,351","251","296","440","640","491","544","464","473","666","846","1,110","1,502","1,843","2,164","1,843","1,736","1,639","1,517","691","177","18"
"전남광주통합특별시 화순군 (1276000000)","59,860","59,860","1,113","1,289","2,056","2,474","2,455","2,854","2,674","2,163","2,588","3,547","4,652","5,963","6,029","6,160","4,112","3,480","2,950","2,257","853","169","22","29,667","29,667","595","663","1,059","1,273","1,288","1,493","1,400","1,092","1,312","1,801","2,413","3,182","3,268","3,291","2,102","1,555","1,015","640","185","38","2","30,193","30,193","518","626","997","1,201","1,167","1,361","1,274","1,071","1,276","1,746","2,239","2,781","2,761","2,869","2,010","1,925","1,935","1,617","668","131","20"
"전남광주통합특별시 장흥군 (1277000000)","33,877","33,877","564","662","1,099","1,131","990","1,191","1,090","1,113","1,434","1,817","2,261","3,117","3,413","3,858","2,909","2,550","2,078","1,686","738","162","14","16,763","16,763","293","325","558","600","588","644","628","601","769","1,008","1,243","1,768","1,825","1,942","1,416","1,132","763","487","144","26","3","17,114","17,114","271","337","541","531","402","547","462","512","665","809","1,018","1,349","1,588","1,916","1,493","1,418","1,315","1,199","594","136","11"
"전남광주통합특별시 강진군 (1278000000)","31,603","31,603","677","696","907","1,119","880","1,168","1,093","1,055","1,318","1,607","2,120","2,718","3,156","3,713","2,643","2,403","2,003","1,573","597","138","19","15,577","15,577","340","332","472","573","502","671","611","544","683","878","1,182","1,505","1,664","1,903","1,308","1,070","760","445","112","20","2","16,026","16,026","337","364","435","546","378","497","482","511","635","729","938","1,213","1,492","1,810","1,335","1,333","1,243","1,128","485","118","17"
"전남광주통합특별시 해남군 (1279000000)","61,883","61,883","1,048","1,337","1,923","2,293","1,893","2,175","2,045","1,948","2,656","3,522","4,486","5,613","6,267","7,187","5,269","4,623","3,722","2,678","959","214","25","31,202","31,202","548","703","943","1,188","1,078","1,246","1,153","1,066","1,436","1,916","2,539","3,171","3,450","3,726","2,514","2,105","1,388","806","194","31","1","30,681","30,681","500","634","980","1,105","815","929","892","882","1,220","1,606","1,947","2,442","2,817","3,461","2,755","2,518","2,334","1,872","765","183","24"
"전남광주통합특별시 영암군 (1280000000)","49,984","49,984","788","1,129","1,730","2,004","1,791","2,144","1,929","1,790","2,690","3,405","4,171","4,841","5,067","4,939","3,543","2,915","2,428","1,777","736","145","22","26,424","26,424","392","584","878","1,036","1,089","1,314","1,119","963","1,537","2,044","2,502","2,771","2,900","2,673","1,737","1,320","881","488","164","26","6","23,560","23,560","396","545","852","968","702","830","810","827","1,153","1,361","1,669","2,070","2,167","2,266","1,806","1,595","1,547","1,289","572","119","16"
"전남광주통합특별시 무안군 (1281000000)","95,537","95,537","3,257","3,933","5,641","5,368","4,177","4,850","5,676","5,600","7,329","7,744","7,157","7,191","6,663","6,681","4,805","3,791","2,913","1,883","704","153","21","48,055","48,055","1,621","2,050","2,854","2,715","2,265","2,624","2,862","2,757","3,701","3,980","3,806","3,944","3,563","3,419","2,323","1,771","1,123","507","145","24","1","47,482","47,482","1,636","1,883","2,787","2,653","1,912","2,226","2,814","2,843","3,628","3,764","3,351","3,247","3,100","3,262","2,482","2,020","1,790","1,376","559","129","20"
"전남광주통합특별시 함평군 (1282000000)","29,753","29,753","453","467","736","967","831","991","976","910","1,097","1,523","2,107","2,735","3,141","3,550","2,709","2,243","1,998","1,584","590","128","17","15,225","15,225","244","237","373","515","480","565","569","470","610","882","1,254","1,612","1,824","1,932","1,352","1,011","697","449","128","21","0","14,528","14,528","209","230","363","452","351","426","407","440","487","641","853","1,123","1,317","1,618","1,357","1,232","1,301","1,135","462","107","17"
"전남광주통합특별시 영광군 (1283000000)","53,719","53,719","1,812","1,482","1,737","2,144","1,899","2,473","2,646","2,471","2,718","3,248","3,922","4,653","4,745","5,140","3,839","3,373","2,714","1,868","673","142","20","26,958","26,958","917","724","880","1,117","1,026","1,357","1,363","1,256","1,471","1,796","2,213","2,645","2,543","2,666","1,839","1,482","987","508","138","28","2","26,761","26,761","895","758","857","1,027","873","1,116","1,283","1,215","1,247","1,452","1,709","2,008","2,202","2,474","2,000","1,891","1,727","1,360","535","114","18"
"전남광주통합특별시 장성군 (1284000000)","43,079","43,079","944","942","1,422","1,584","1,453","1,861","1,811","1,634","1,936","2,541","3,234","3,986","4,232","4,591","3,327","2,821","2,260","1,674","691","119","16","22,115","22,115","459","497","708","819","823","1,127","944","853","1,015","1,397","1,798","2,266","2,395","2,478","1,697","1,293","875","487","154","26","4","20,964","20,964","485","445","714","765","630","734","867","781","921","1,144","1,436","1,720","1,837","2,113","1,630","1,528","1,385","1,187","537","93","12"
"전남광주통합특별시 완도군 (1285000000)","44,071","44,071","774","1,084","1,552","1,585","1,213","1,410","1,343","1,337","2,205","2,806","3,121","3,842","4,211","4,827","3,719","3,371","2,824","1,985","691","152","19","22,419","22,419","388","568","817","849","710","807","765","734","1,229","1,637","1,818","2,210","2,291","2,386","1,852","1,511","1,077","586","152","29","3","21,652","21,652","386","516","735","736","503","603","578","603","976","1,169","1,303","1,632","1,920","2,441","1,867","1,860","1,747","1,399","539","123","16"
"전남광주통합특별시 진도군 (1286000000)","27,773","27,773","464","592","876","1,026","801","1,014","879","893","1,204","1,535","1,986","2,440","2,808","3,175","2,262","2,070","1,816","1,347","468","107","10","14,043","14,043","229","267","460","531","469","596","504","447","675","896","1,161","1,421","1,549","1,644","1,126","956","628","363","100","19","2","13,730","13,730","235","325","416","495","332","418","375","446","529","639","825","1,019","1,259","1,531","1,136","1,114","1,188","984","368","88","8"
"전남광주통합특별시 신안군 (1287000000)","42,384","42,384","600","800","1,154","1,548","1,398","1,410","1,268","1,282","1,899","2,446","3,146","4,109","4,743","5,005","3,652","2,891","2,498","1,753","638","126","18","22,795","22,795","298","433","605","787","744","856","778","739","1,161","1,495","2,000","2,449","2,714","2,781","1,919","1,414","969","509","127","15","2","19,589","19,589","302","367","549","761","654","554","490","543","738","951","1,146","1,660","2,029","2,224","1,733","1,477","1,529","1,244","511","111","16"
"부산광역시  (2600000000)","3,229,467","3,229,467","70,645","93,406","133,747","132,060","144,762","182,796","203,206","185,677","212,334","243,014","249,281","272,638","259,963","289,503","222,796","155,612","99,450","55,921","18,537","3,647","472","1,568,318","1,568,318","36,160","47,808","68,619","67,225","73,511","93,138","105,587","95,581","107,738","122,846","124,066","132,295","124,130","134,102","101,373","68,117","41,011","19,480","4,799","672","60","1,661,149","1,661,149","34,485","45,598","65,128","64,835","71,251","89,658","97,619","90,096","104,596","120,168","125,215","140,343","135,833","155,401","121,423","87,495","58,439","36,441","13,738","2,975","412"
"부산광역시 중구 (2611000000)","36,126","36,126","246","333","644","834","1,734","2,842","2,400","1,593","1,685","2,101","2,648","3,125","3,195","3,919","3,363","2,433","1,684","973","282","81","11","17,508","17,508","129","185","333","386","767","1,356","1,336","868","916","1,138","1,445","1,601","1,586","1,832","1,536","1,002","670","327","76","18","1","18,618","18,618","117","148","311","448","967","1,486","1,064","725","769","963","1,203","1,524","1,609","2,087","1,827","1,431","1,014","646","206","63","10"
"부산광역시 서구 (2614000000)","100,964","100,964","1,656","2,233","3,402","3,655","4,673","5,655","5,433","4,632","5,573","6,829","7,589","8,610","8,594","10,124","8,354","6,188","4,238","2,506","814","180","26","48,251","48,251","850","1,137","1,823","1,843","2,164","2,747","2,786","2,353","2,801","3,497","3,885","4,390","4,245","4,634","3,731","2,612","1,640","872","210","27","4","52,713","52,713","806","1,096","1,579","1,812","2,509","2,908","2,647","2,279","2,772","3,332","3,704","4,220","4,349","5,490","4,623","3,576","2,598","1,634","604","153","22"
"부산광역시 동구 (2617000000)","83,115","83,115","1,656","1,681","2,143","2,324","2,705","4,966","5,829","4,770","4,890","5,479","6,192","7,065","6,778","8,120","6,721","5,164","3,670","2,070","720","154","18","40,416","40,416","859","883","1,102","1,161","1,316","2,304","3,023","2,542","2,600","2,971","3,279","3,671","3,384","3,869","2,984","2,174","1,411","673","177","31","2","42,699","42,699","797","798","1,041","1,163","1,389","2,662","2,806","2,228","2,290","2,508","2,913","3,394","3,394","4,251","3,737","2,990","2,259","1,397","543","123","16"
"부산광역시 영도구 (2620000000)","100,170","100,170","1,470","1,888","2,893","3,305","3,865","4,520","4,568","4,112","5,178","6,521","7,649","8,763","9,027","11,126","9,435","7,254","4,893","2,700","832","158","13","49,135","49,135","764","963","1,526","1,697","2,170","2,494","2,466","2,192","2,732","3,418","3,962","4,499","4,510","5,315","4,273","3,084","1,906","906","230","28","0","51,035","51,035","706","925","1,367","1,608","1,695","2,026","2,102","1,920","2,446","3,103","3,687","4,264","4,517","5,811","5,162","4,170","2,987","1,794","602","130","13"
"부산광역시 부산진구 (2623000000)","364,184","364,184","8,905","9,066","11,994","12,595","18,430","26,887","29,626","24,725","23,750","25,098","26,657","28,660","27,594","30,758","23,414","16,555","10,837","6,227","1,985","374","47","173,838","173,838","4,508","4,618","6,018","6,248","8,556","12,492","14,853","12,693","12,240","12,684","13,179","13,891","13,018","13,980","10,577","7,166","4,351","2,146","552","65","3","190,346","190,346","4,397","4,448","5,976","6,347","9,874","14,395","14,773","12,032","11,510","12,414","13,478","14,769","14,576","16,778","12,837","9,389","6,486","4,081","1,433","309","44"
"부산광역시 동래구 (2626000000)","270,512","270,512","6,759","9,749","13,731","12,681","11,083","13,674","15,641","15,918","19,664","22,260","21,542","22,121","19,737","22,323","17,679","12,327","7,680","4,189","1,446","278","30","129,981","129,981","3,478","4,947","7,131","6,552","5,665","6,862","7,882","7,871","9,633","10,967","10,571","10,646","9,070","10,091","7,826","5,428","3,348","1,548","403","60","2","140,531","140,531","3,281","4,802","6,600","6,129","5,418","6,812","7,759","8,047","10,031","11,293","10,971","11,475","10,667","12,232","9,853","6,899","4,332","2,641","1,043","218","28"
"부산광역시 남구 (2629000000)","254,960","254,960","5,299","7,172","10,756","11,552","15,667","14,698","14,973","13,566","15,959","19,120","20,353","21,216","18,709","21,243","17,024","12,774","8,462","4,599","1,527","264","27","123,698","123,698","2,721","3,703","5,505","5,867","7,876","7,990","7,735","7,010","8,088","9,411","10,200","10,332","8,926","9,593","7,563","5,491","3,501","1,727","409","47","3","131,262","131,262","2,578","3,469","5,251","5,685","7,791","6,708","7,238","6,556","7,871","9,709","10,153","10,884","9,783","11,650","9,461","7,283","4,961","2,872","1,118","217","24"
"부산광역시 북구 (2632000000)","260,069","260,069","5,666","6,974","9,963","10,118","10,056","13,519","16,499","14,607","15,442","17,808","19,635","24,509","25,293","26,711","18,476","11,899","7,237","4,033","1,338","248","38","127,325","127,325","2,954","3,568","5,169","5,162","5,420","7,145","8,819","7,663","7,977","9,050","9,463","11,319","11,958","12,900","8,714","5,371","3,005","1,310","317","39","2","132,744","132,744","2,712","3,406","4,794","4,956","4,636","6,374","7,680","6,944","7,465","8,758","10,172","13,190","13,335","13,811","9,762","6,528","4,232","2,723","1,021","209","36"
"부산광역시 해운대구 (2635000000)","369,727","369,727","7,852","11,667","17,513","17,056","15,014","19,059","20,862","20,290","24,741","29,931","31,304","33,657","30,274","31,414","23,715","16,115","10,418","6,242","2,097","453","53","176,710","176,710","4,063","5,912","9,030","8,785","7,899","9,700","10,675","10,037","11,958","14,390","14,808","15,863","14,216","14,488","10,874","7,036","4,172","2,136","568","86","14","193,017","193,017","3,789","5,755","8,483","8,271","7,115","9,359","10,187","10,253","12,783","15,541","16,496","17,794","16,058","16,926","12,841","9,079","6,246","4,106","1,529","367","39"
"부산광역시 사하구 (2638000000)","281,184","281,184","4,706","6,726","10,687","11,722","12,732","15,133","15,666","13,854","17,262","20,635","22,206","25,697","25,136","28,218","21,338","14,240","8,714","4,661","1,515","286","50","139,185","139,185","2,359","3,508","5,454","6,023","6,840","8,185","8,511","7,454","9,020","10,738","11,134","12,581","12,167","13,242","9,990","6,347","3,650","1,567","354","55","6","141,999","141,999","2,347","3,218","5,233","5,699","5,892","6,948","7,155","6,400","8,242","9,897","11,072","13,116","12,969","14,976","11,348","7,893","5,064","3,094","1,161","231","44"
"부산광역시 금정구 (2641000000)","205,341","205,341","3,025","4,570","7,054","8,259","13,159","12,205","10,963","9,543","10,850","14,005","15,150","17,748","18,214","20,220","15,870","11,191","7,310","4,198","1,476","290","41","99,640","99,640","1,485","2,307","3,563","4,160","6,686","6,924","6,072","4,985","5,542","7,053","7,455","8,390","8,605","9,327","7,117","4,899","3,116","1,497","399","49","9","105,701","105,701","1,540","2,263","3,491","4,099","6,473","5,281","4,891","4,558","5,308","6,952","7,695","9,358","9,609","10,893","8,753","6,292","4,194","2,701","1,077","241","32"
"부산광역시 강서구 (2644000000)","154,782","154,782","7,194","9,469","11,365","7,540","4,394","6,291","10,684","13,681","16,945","15,378","10,436","8,968","8,354","9,492","6,596","3,918","2,210","1,293","459","105","10","80,008","80,008","3,636","4,865","5,853","3,833","2,388","3,433","5,557","6,901","8,839","8,447","5,839","4,765","4,179","4,689","3,312","1,964","967","427","94","18","2","74,774","74,774","3,558","4,604","5,512","3,707","2,006","2,858","5,127","6,780","8,106","6,931","4,597","4,203","4,175","4,803","3,284","1,954","1,243","866","365","87","8"
"부산광역시 연제구 (2647000000)","211,603","211,603","5,307","6,699","8,762","8,449","8,721","12,192","14,972","13,632","14,586","16,228","16,139","17,329","15,664","17,732","14,122","9,906","6,281","3,527","1,116","211","28","100,668","100,668","2,750","3,382","4,388","4,332","4,301","5,883","7,274","6,966","7,293","7,936","7,842","8,177","7,335","7,904","6,279","4,298","2,664","1,304","310","45","5","110,935","110,935","2,557","3,317","4,374","4,117","4,420","6,309","7,698","6,666","7,293","8,292","8,297","9,152","8,329","9,828","7,843","5,608","3,617","2,223","806","166","23"
"부산광역시 수영구 (2650000000)","169,336","169,336","3,201","4,068","5,756","5,744","6,995","11,851","12,919","10,392","10,960","11,996","12,564","13,510","12,569","14,751","12,359","9,073","5,912","3,335","1,112","241","28","79,296","79,296","1,644","2,056","3,003","2,916","3,288","5,534","6,600","5,251","5,453","5,874","6,024","6,354","5,626","6,322","5,366","3,819","2,527","1,286","290","60","3","90,040","90,040","1,557","2,012","2,753","2,828","3,707","6,317","6,319","5,141","5,507","6,122","6,540","7,156","6,943","8,429","6,993","5,254","3,385","2,049","822","181","25"
"부산광역시 사상구 (2653000000)","191,912","191,912","2,979","3,996","6,263","6,848","8,896","11,500","12,390","9,953","10,765","12,729","14,249","18,205","19,341","20,790","14,421","9,467","5,298","2,780","877","144","21","95,671","95,671","1,559","2,101","3,168","3,450","4,554","5,919","6,813","5,460","5,673","6,724","7,294","8,917","9,644","10,120","6,776","4,242","2,156","898","184","18","1","96,241","96,241","1,420","1,895","3,095","3,398","4,342","5,581","5,577","4,493","5,092","6,005","6,955","9,288","9,697","10,670","7,645","5,225","3,142","1,882","693","126","20"
"부산광역시 기장군 (2671000000)","175,482","175,482","4,724","7,115","10,821","9,378","6,638","7,804","9,781","10,409","14,084","16,896","14,968","13,455","11,484","12,562","9,909","7,108","4,606","2,588","941","180","31","86,988","86,988","2,401","3,673","5,553","4,810","3,621","4,170","5,185","5,335","6,973","8,548","7,686","6,899","5,661","5,796","4,455","3,184","1,927","856","226","26","3","88,494","88,494","2,323","3,442","5,268","4,568","3,017","3,634","4,596","5,074","7,111","8,348","7,282","6,556","5,823","6,766","5,454","3,924","2,679","1,732","715","154","28"
"대구광역시  (2700000000)","2,346,277","2,346,277","55,086","74,736","105,577","107,082","110,565","134,574","149,805","136,535","153,587","177,159","194,665","212,755","193,954","188,388","137,022","95,448","63,026","39,138","14,207","2,664","304","1,148,130","1,148,130","28,241","38,437","53,941","54,942","57,769","70,489","79,481","72,909","77,869","87,671","95,206","103,261","93,784","88,955","61,902","41,235","24,742","12,993","3,795","462","46","1,198,147","1,198,147","26,845","36,299","51,636","52,140","52,796","64,085","70,324","63,626","75,718","89,488","99,459","109,494","100,170","99,433","75,120","54,213","38,284","26,145","10,412","2,202","258"
"대구광역시 중구 (2711000000)","101,894","101,894","4,289","3,929","3,954","3,696","5,447","8,052","9,907","8,756","7,931","7,114","7,363","6,910","5,662","5,665","4,558","3,626","2,688","1,600","616","114","17","48,678","48,678","2,232","2,013","1,959","1,833","2,392","3,721","4,857","4,574","4,191","3,547","3,520","3,371","2,700","2,590","1,934","1,449","1,053","542","173","24","3","53,216","53,216","2,057","1,916","1,995","1,863","3,055","4,331","5,050","4,182","3,740","3,567","3,843","3,539","2,962","3,075","2,624","2,177","1,635","1,058","443","90","14"
"대구광역시 동구 (2714000000)","338,699","338,699","8,503","10,084","12,889","13,137","13,903","18,862","23,484","21,071","21,628","24,428","26,512","29,006","27,645","28,858","22,478","16,077","10,815","6,545","2,308","417","49","165,263","165,263","4,397","5,233","6,539","6,859","7,369","9,670","12,339","11,478","11,263","12,315","13,252","14,069","13,173","13,216","9,988","6,894","4,268","2,214","646","73","8","173,436","173,436","4,106","4,851","6,350","6,278","6,534","9,192","11,145","9,593","10,365","12,113","13,260","14,937","14,472","15,642","12,490","9,183","6,547","4,331","1,662","344","41"
"대구광역시 서구 (2717000000)","163,319","163,319","3,292","3,496","4,693","5,026","5,642","8,415","10,683","8,989","9,149","10,218","12,366","15,587","16,644","16,821","12,956","8,877","5,790","3,356","1,094","204","21","80,700","80,700","1,685","1,793","2,366","2,507","3,052","4,420","5,831","5,109","5,043","5,451","6,483","7,787","8,205","7,912","5,628","3,832","2,233","1,075","265","22","1","82,619","82,619","1,607","1,703","2,327","2,519","2,590","3,995","4,852","3,880","4,106","4,767","5,883","7,800","8,439","8,909","7,328","5,045","3,557","2,281","829","182","20"
"대구광역시 남구 (2720000000)","141,722","141,722","2,763","2,784","3,796","4,661","7,002","9,326","10,583","8,102","8,252","9,053","10,941","12,419","11,601","12,484","10,162","7,584","5,225","3,452","1,272","237","23","67,390","67,390","1,417","1,469","1,940","2,322","3,301","4,399","5,508","4,497","4,265","4,521","5,379","6,140","5,497","5,626","4,435","3,135","1,959","1,169","371","37","3","74,332","74,332","1,346","1,315","1,856","2,339","3,701","4,927","5,075","3,605","3,987","4,532","5,562","6,279","6,104","6,858","5,727","4,449","3,266","2,283","901","200","20"
"대구광역시 북구 (2723000000)","406,214","406,214","8,735","11,984","17,847","19,572","23,685","25,677","25,354","22,210","25,001","30,262","36,360","39,055","33,849","31,430","21,371","14,999","10,164","6,089","2,099","415","56","200,738","200,738","4,486","6,136","9,121","9,981","12,463","13,983","13,791","12,004","12,765","14,901","17,605","19,260","16,532","15,193","9,724","6,339","3,879","1,976","533","60","6","205,476","205,476","4,249","5,848","8,726","9,591","11,222","11,694","11,563","10,206","12,236","15,361","18,755","19,795","17,317","16,237","11,647","8,660","6,285","4,113","1,566","355","50"
"대구광역시 수성구 (2726000000)","407,570","407,570","8,644","15,357","23,859","23,060","19,576","21,474","21,400","21,552","28,198","34,254","36,005","37,443","30,879","28,832","21,482","15,365","10,350","6,658","2,622","496","64","195,514","195,514","4,405","7,934","12,356","11,995","10,539","11,232","11,003","10,606","13,171","16,075","16,710","17,730","14,677","13,420","9,682","6,550","4,171","2,359","783","107","9","212,056","212,056","4,239","7,423","11,503","11,065","9,037","10,242","10,397","10,946","15,027","18,179","19,295","19,713","16,202","15,412","11,800","8,815","6,179","4,299","1,839","389","55"
"대구광역시 달서구 (2729000000)","512,577","512,577","10,924","15,269","23,322","24,968","25,781","30,416","32,585","28,497","31,981","38,526","43,651","49,345","45,103","42,263","29,027","18,857","11,715","7,251","2,591","458","47","250,575","250,575","5,613","7,846","11,853","12,723","13,317","16,059","17,504","15,399","16,104","18,736","21,008","23,444","21,582","20,005","13,260","8,331","4,660","2,381","653","85","12","262,002","262,002","5,311","7,423","11,469","12,245","12,464","14,357","15,081","13,098","15,877","19,790","22,643","25,901","23,521","22,258","15,767","10,526","7,055","4,870","1,938","373","35"
"대구광역시 달성군 (2771000000)","251,789","251,789","7,721","11,610","14,881","12,502","9,143","11,856","15,238","16,806","20,767","22,387","20,131","20,864","19,703","18,596","12,298","8,056","4,773","3,062","1,130","239","26","127,525","127,525","3,892","5,878","7,621","6,468","5,112","6,711","8,298","8,918","10,693","11,597","10,470","10,265","9,803","9,107","5,841","3,728","1,919","912","252","36","4","124,264","124,264","3,829","5,732","7,260","6,034","4,031","5,145","6,940","7,888","10,074","10,790","9,661","10,599","9,900","9,489","6,457","4,328","2,854","2,150","878","203","22"
"대구광역시 군위군 (2772000000)","22,493","22,493","215","223","336","460","386","496","571","552","680","917","1,336","2,126","2,868","3,439","2,690","2,007","1,506","1,125","475","84","1","11,747","11,747","114","135","186","254","224","294","350","324","374","528","779","1,195","1,615","1,886","1,410","977","600","365","119","18","0","10,746","10,746","101","88","150","206","162","202","221","228","306","389","557","931","1,253","1,553","1,280","1,030","906","760","356","66","1"
"인천광역시  (2800000000)","3,066,185","3,066,185","85,007","101,115","136,209","139,964","137,473","191,905","226,678","208,050","227,934","245,908","249,841","264,036","246,615","234,386","150,140","96,633","65,345","39,011","15,740","3,642","553","1,530,650","1,530,650","43,534","51,995","69,548","71,722","70,571","99,027","118,982","108,233","117,781","126,566","126,851","130,261","122,050","114,733","71,185","43,839","26,442","12,733","3,844","667","86","1,535,535","1,535,535","41,473","49,120","66,661","68,242","66,902","92,878","107,696","99,817","110,153","119,342","122,990","133,775","124,565","119,653","78,955","52,794","38,903","26,278","11,896","2,975","467"
"인천광역시 중구영종출장소 (2811400000)","0","0","0","0","0","0","0","0","0","0","0","0","0","0","0","0","0","0","0","0","0","0","0","0","0","0","0","0","0","0","0","0","0","0","0","0","0","0","0","0","0","0","0","0","0","0","0","0","0","0","0","0","0","0","0","0","0","0","0","0","0","0","0","0","0","0","0","0","0"
"인천광역시 중구용유출장소 (2811800000)","0","0","0","0","0","0","0","0","0","0","0","0","0","0","0","0","0","0","0","0","0","0","0","0","0","0","0","0","0","0","0","0","0","0","0","0","0","0","0","0","0","0","0","0","0","0","0","0","0","0","0","0","0","0","0","0","0","0","0","0","0","0","0","0","0","0","0","0","0"
"인천광역시 제물포구 (2812500000)","99,217","99,217","1,698","1,849","2,941","3,579","3,798","5,433","5,971","5,062","5,800","7,247","8,150","8,726","8,502","9,618","7,530","5,743","4,094","2,332","894","219","31","50,272","50,272","843","974","1,556","1,848","1,980","2,896","3,322","2,816","3,153","4,010","4,419","4,695","4,449","4,669","3,523","2,446","1,671","772","195","29","6","48,945","48,945","855","875","1,385","1,731","1,818","2,537","2,649","2,246","2,647","3,237","3,731","4,031","4,053","4,949","4,007","3,297","2,423","1,560","699","190","25"
"인천광역시 영종구 (2815500000)","138,659","138,659","5,595","6,035","7,319","6,659","6,338","11,786","13,146","12,050","12,194","12,588","11,140","9,577","7,339","6,536","4,474","2,690","1,816","943","339","81","14","71,759","71,759","2,881","3,148","3,690","3,373","3,001","6,021","7,013","6,511","6,467","6,625","6,116","5,147","3,780","3,318","2,151","1,287","795","336","82","13","4","66,900","66,900","2,714","2,887","3,629","3,286","3,337","5,765","6,133","5,539","5,727","5,963","5,024","4,430","3,559","3,218","2,323","1,403","1,021","607","257","68","10"
"인천광역시 미추홀구 (2817700000)","419,123","419,123","10,969","11,894","15,397","16,969","20,794","27,271","31,024","27,988","30,074","32,397","33,736","35,003","32,389","32,881","23,182","16,302","11,400","6,395","2,426","551","81","210,834","210,834","5,644","6,111","7,847","8,795","10,830","14,518","16,615","15,017","16,138","17,262","17,536","17,680","15,915","15,581","10,573","7,205","4,599","2,192","648","117","11","208,289","208,289","5,325","5,783","7,550","8,174","9,964","12,753","14,409","12,971","13,936","15,135","16,200","17,323","16,474","17,300","12,609","9,097","6,801","4,203","1,778","434","70"
"인천광역시 연수구 (2818500000)","410,369","410,369","13,789","18,279","24,578","22,980","19,724","24,209","27,987","29,038","34,766","36,355","34,595","33,565","29,701","25,925","14,914","8,567","5,754","3,645","1,543","388","67","202,990","202,990","7,070","9,287","12,459","11,816","10,160","12,507","14,229","14,196","16,973","17,989","17,062","16,409","14,548","13,016","7,417","3,840","2,415","1,155","357","79","6","207,379","207,379","6,719","8,992","12,119","11,164","9,564","11,702","13,758","14,842","17,793","18,366","17,533","17,156","15,153","12,909","7,497","4,727","3,339","2,490","1,186","309","61"
"인천광역시 남동구 (2820000000)","478,603","478,603","9,241","13,053","20,964","22,872","22,024","30,631","33,381","27,324","32,379","39,146","40,606","43,170","40,478","39,722","26,113","16,721","11,118","6,508","2,475","591","86","237,205","237,205","4,700","6,736","10,847","11,734","11,265","15,777","18,079","14,402","16,548","19,839","20,645","21,014","19,828","18,956","12,064","7,561","4,410","2,093","595","97","15","241,398","241,398","4,541","6,317","10,117","11,138","10,759","14,854","15,302","12,922","15,831","19,307","19,961","22,156","20,650","20,766","14,049","9,160","6,708","4,415","1,880","494","71"
"인천광역시 부평구 (2823700000)","487,282","487,282","12,192","13,218","17,879","19,909","20,738","31,571","39,325","34,102","33,858","36,123","38,441","43,455","42,197","40,345","25,800","16,653","11,181","6,895","2,710","606","84","239,078","239,078","6,313","6,816","9,057","10,325","10,559","15,738","20,433","17,879","17,500","18,344","18,892","20,630","20,447","19,352","11,818","7,453","4,495","2,216","695","105","11","248,204","248,204","5,879","6,402","8,822","9,584","10,179","15,833","18,892","16,223","16,358","17,779","19,549","22,825","21,750","20,993","13,982","9,200","6,686","4,679","2,015","501","73"
"인천광역시 계양구 (2824500000)","275,966","275,966","5,155","6,265","9,346","11,478","12,276","17,800","20,364","16,635","17,176","19,565","23,139","28,294","28,837","25,680","14,311","8,371","5,740","3,595","1,524","352","63","137,167","137,167","2,612","3,202","4,729","5,791","6,310","9,386","10,864","8,835","9,080","9,926","11,510","13,386","14,184","12,825","7,015","3,867","2,148","1,083","338","70","6","138,799","138,799","2,543","3,063","4,617","5,687","5,966","8,414","9,500","7,800","8,096","9,639","11,629","14,908","14,653","12,855","7,296","4,504","3,592","2,512","1,186","282","57"
"인천광역시 서구검단출장소 (2826500000)","0","0","0","0","0","0","0","0","0","0","0","0","0","0","0","0","0","0","0","0","0","0","0","0","0","0","0","0","0","0","0","0","0","0","0","0","0","0","0","0","0","0","0","0","0","0","0","0","0","0","0","0","0","0","0","0","0","0","0","0","0","0","0","0","0","0","0","0","0"
"인천광역시 서해구 (2827500000)","392,072","392,072","11,487","14,641","19,751","18,722","17,094","25,195","30,536","27,892","31,458","32,594","31,830","33,735","31,179","28,118","16,551","9,757","6,126","3,546","1,454","349","57","197,117","197,117","5,886","7,576","10,222","9,496","8,597","12,861","16,036","14,294","16,124","16,809","16,173","16,787","15,494","14,146","8,109","4,562","2,481","1,082","304","68","10","194,955","194,955","5,601","7,065","9,529","9,226","8,497","12,334","14,500","13,598","15,334","15,785","15,657","16,948","15,685","13,972","8,442","5,195","3,645","2,464","1,150","281","47"
"인천광역시 검단구 (2829000000)","276,078","276,078","13,511","14,302","15,719","14,071","11,823","14,768","21,750","24,839","26,473","25,057","22,418","20,772","16,359","13,767","8,456","5,438","3,378","2,023","919","205","30","138,369","138,369","6,880","7,338","7,951","7,117","6,162","7,275","10,515","12,533","13,791","13,066","11,259","10,392","8,385","6,878","4,048","2,472","1,375","660","232","31","9","137,709","137,709","6,631","6,964","7,768","6,954","5,661","7,493","11,235","12,306","12,682","11,991","11,159","10,380","7,974","6,889","4,408","2,966","2,003","1,363","687","174","21"
"인천광역시 강화군 (2871000000)","69,541","69,541","1,138","1,329","1,956","2,229","1,926","2,134","2,336","2,413","2,972","3,804","4,520","5,992","7,448","9,289","6,906","5,179","3,892","2,616","1,219","220","23","34,849","34,849","597","676","999","1,159","1,058","1,237","1,263","1,294","1,514","2,032","2,469","3,095","3,787","4,629","3,471","2,535","1,679","961","342","46","6","34,692","34,692","541","653","957","1,070","868","897","1,073","1,119","1,458","1,772","2,051","2,897","3,661","4,660","3,435","2,644","2,213","1,655","877","174","17"
"인천광역시 옹진군 (2872000000)","19,275","19,275","232","250","359","496","938","1,107","858","707","784","1,032","1,266","1,747","2,186","2,505","1,903","1,212","846","513","237","80","17","11,010","11,010","108","131","191","268","649","811","613","456","493","664","770","1,026","1,233","1,363","996","611","374","183","56","12","2","8,265","8,265","124","119","168","228","289","296","245","251","291","368","496","721","953","1,142","907","601","472","330","181","68","15"
"대전광역시  (3000000000)","1,442,838","1,442,838","38,505","46,235","64,949","70,522","81,729","103,365","107,144","90,241","96,910","109,700","117,504","123,882","104,507","104,821","72,672","48,166","32,921","19,531","7,688","1,631","215","718,413","718,413","19,855","23,688","33,458","35,970","41,829","54,489","57,314","47,850","49,315","54,566","58,458","61,660","51,613","50,172","33,867","21,649","13,493","6,773","2,048","312","34","724,425","724,425","18,650","22,547","31,491","34,552","39,900","48,876","49,830","42,391","47,595","55,134","59,046","62,222","52,894","54,649","38,805","26,517","19,428","12,758","5,640","1,319","181"
"대전광역시 동구 (3011000000)","217,981","217,981","5,089","5,538","8,024","10,530","14,428","13,183","13,566","11,742","13,136","15,430","17,398","18,610","16,724","18,388","13,708","9,655","6,961","4,085","1,441","311","34","109,731","109,731","2,621","2,900","4,175","5,261","7,451","7,211","7,335","6,468","6,986","7,946","9,146","9,699","8,461","8,797","6,348","4,234","2,868","1,382","367","68","7","108,250","108,250","2,468","2,638","3,849","5,269","6,977","5,972","6,231","5,274","6,150","7,484","8,252","8,911","8,263","9,591","7,360","5,421","4,093","2,703","1,074","243","27"
"대전광역시 중구 (3014000000)","223,664","223,664","4,831","6,443","9,017","10,176","10,508","13,918","14,341","12,057","13,518","16,694","18,502","19,706","17,227","18,108","14,123","10,465","7,491","4,421","1,731","338","49","109,197","109,197","2,432","3,248","4,610","5,223","5,252","6,859","7,441","6,262","6,852","8,374","9,370","9,943","8,591","8,597","6,379","4,516","3,060","1,597","526","56","9","114,467","114,467","2,399","3,195","4,407","4,953","5,256","7,059","6,900","5,795","6,666","8,320","9,132","9,763","8,636","9,511","7,744","5,949","4,431","2,824","1,205","282","40"
"대전광역시 서구 (3017000000)","464,238","464,238","11,976","14,942","22,537","23,377","26,297","36,222","37,122","29,647","32,307","36,360","37,833","38,856","31,944","31,891","21,693","14,021","9,139","5,400","2,153","464","57","227,315","227,315","6,204","7,654","11,665","11,911","12,884","18,283","19,502","15,369","16,044","17,677","18,340","18,761","15,323","14,950","10,050","6,346","3,787","1,911","556","91","7","236,923","236,923","5,772","7,288","10,872","11,466","13,413","17,939","17,620","14,278","16,263","18,683","19,493","20,095","16,621","16,941","11,643","7,675","5,352","3,489","1,597","373","50"
"대전광역시 유성구 (3020000000)","373,361","373,361","13,212","15,433","19,550","19,253","22,537","29,955","31,567","28,094","28,571","29,842","29,793","29,666","23,668","21,483","13,361","7,630","4,951","3,073","1,375","303","44","189,210","189,210","6,839","7,955","10,017","9,843","11,889","16,580","17,106","14,846","14,390","14,647","14,629","14,621","11,719","10,480","6,531","3,656","2,036","1,030","330","59","7","184,151","184,151","6,373","7,478","9,533","9,410","10,648","13,375","14,461","13,248","14,181","15,195","15,164","15,045","11,949","11,003","6,830","3,974","2,915","2,043","1,045","244","37"
"대전광역시 대덕구 (3023000000)","163,594","163,594","3,397","3,879","5,821","7,186","7,959","10,087","10,548","8,701","9,378","11,374","13,978","17,044","14,944","14,951","9,787","6,395","4,379","2,552","988","215","31","82,960","82,960","1,759","1,931","2,991","3,732","4,353","5,556","5,930","4,905","5,043","5,922","6,973","8,636","7,519","7,348","4,559","2,897","1,742","853","269","38","4","80,634","80,634","1,638","1,948","2,830","3,454","3,606","4,531","4,618","3,796","4,335","5,452","7,005","8,408","7,425","7,603","5,228","3,498","2,637","1,699","719","177","27"
"울산광역시  (3100000000)","1,086,373","1,086,373","27,248","37,339","54,649","54,143","43,756","62,218","71,119","65,895","77,553","89,224","91,133","103,454","94,760","87,446","56,694","34,347","19,796","10,821","3,922","756","100","560,121","560,121","13,893","19,123","28,113","28,384","24,970","36,278","40,328","35,961","40,323","46,524","45,830","51,415","48,871","43,475","27,445","16,341","8,241","3,584","892","121","9","526,252","526,252","13,355","18,216","26,536","25,759","18,786","25,940","30,791","29,934","37,230","42,700","45,303","52,039","45,889","43,971","29,249","18,006","11,555","7,237","3,030","635","91"
"울산광역시 중구 (3111000000)","202,545","202,545","4,588","6,496","9,323","9,433","7,215","10,813","12,736","11,717","13,553","15,738","16,410","19,365","18,587","18,038","12,510","7,932","4,687","2,411","832","149","12","102,325","102,325","2,355","3,346","4,824","4,977","4,153","6,094","7,066","6,255","7,040","8,154","8,187","9,406","9,368","8,691","5,781","3,618","1,941","832","220","17","0","100,220","100,220","2,233","3,150","4,499","4,456","3,062","4,719","5,670","5,462","6,513","7,584","8,223","9,959","9,219","9,347","6,729","4,314","2,746","1,579","612","132","12"
"울산광역시 남구 (3114000000)","304,655","304,655","7,654","10,013","14,023","13,846","13,176","19,898","23,064","19,961","21,142","23,385","24,995","29,715","26,272","23,710","15,485","9,348","5,139","2,727","922","152","28","156,022","156,022","3,959","5,124","7,229","7,312","7,417","11,472","13,027","10,926","10,929","11,964","12,022","14,591","13,310","11,547","7,431","4,363","2,171","958","239","29","2","148,633","148,633","3,695","4,889","6,794","6,534","5,759","8,426","10,037","9,035","10,213","11,421","12,973","15,124","12,962","12,163","8,054","4,985","2,968","1,769","683","123","26"
"울산광역시 동구 (3117000000)","147,440","147,440","3,192","5,117","8,196","7,986","5,739","8,043","8,220","8,439","12,176","13,487","11,963","11,993","11,793","13,234","8,635","5,028","2,530","1,187","401","67","14","77,264","77,264","1,624","2,614","4,177","4,227","3,253","4,669","4,847","4,791","6,527","7,362","6,516","6,118","5,816","6,294","4,263","2,546","1,129","405","77","9","0","70,176","70,176","1,568","2,503","4,019","3,759","2,486","3,374","3,373","3,648","5,649","6,125","5,447","5,875","5,977","6,940","4,372","2,482","1,401","782","324","58","14"
"울산광역시 북구 (3120000000)","213,391","213,391","6,688","9,404","13,352","12,184","8,228","12,123","14,634","14,476","17,321","19,852","17,825","19,641","17,685","13,372","7,507","4,354","2,585","1,460","560","125","15","111,159","111,159","3,435","4,797","6,891","6,327","4,783","7,454","8,330","7,852","8,746","10,257","8,980","9,493","9,434","6,980","3,715","2,045","1,069","451","99","17","4","102,232","102,232","3,253","4,607","6,461","5,857","3,445","4,669","6,304","6,624","8,575","9,595","8,845","10,148","8,251","6,392","3,792","2,309","1,516","1,009","461","108","11"
"울산광역시 울주군 (3171000000)","218,342","218,342","5,126","6,309","9,755","10,694","9,398","11,341","12,465","11,302","13,361","16,762","19,940","22,740","20,423","19,092","12,557","7,685","4,855","3,036","1,207","263","31","113,351","113,351","2,520","3,242","4,992","5,541","5,364","6,589","7,058","6,137","7,081","8,787","10,125","11,807","10,943","9,963","6,255","3,769","1,931","938","257","49","3","104,991","104,991","2,606","3,067","4,763","5,153","4,034","4,752","5,407","5,165","6,280","7,975","9,815","10,933","9,480","9,129","6,302","3,916","2,924","2,098","950","214","28"
"세종특별자치시  (3600000000)","390,738","390,738","15,323","21,627","28,526","25,736","17,397","18,678","26,434","30,085","36,581","39,102","33,238","27,083","20,543","19,347","12,826","7,894","5,126","3,295","1,509","352","36","194,589","194,589","7,753","11,021","14,617","12,904","9,239","9,384","13,184","14,838","17,738","19,223","17,219","13,998","10,398","9,423","6,262","3,720","2,136","1,106","355","64","7","196,149","196,149","7,570","10,606","13,909","12,832","8,158","9,294","13,250","15,247","18,843","19,879","16,019","13,085","10,145","9,924","6,564","4,174","2,990","2,189","1,154","288","29"
"세종특별자치시  (3611000000)","390,738","390,738","15,323","21,627","28,526","25,736","17,397","18,678","26,434","30,085","36,581","39,102","33,238","27,083","20,543","19,347","12,826","7,894","5,126","3,295","1,509","352","36","194,589","194,589","7,753","11,021","14,617","12,904","9,239","9,384","13,184","14,838","17,738","19,223","17,219","13,998","10,398","9,423","6,262","3,720","2,136","1,106","355","64","7","196,149","196,149","7,570","10,606","13,909","12,832","8,158","9,294","13,250","15,247","18,843","19,879","16,019","13,085","10,145","9,924","6,564","4,174","2,990","2,189","1,154","288","29"
"경기도  (4100000000)","13,773,918","13,773,918","390,077","477,880","654,640","674,379","642,309","875,702","1,009,009","932,125","1,035,692","1,129,712","1,162,420","1,195,238","1,037,775","965,228","630,839","407,400","289,262","177,709","69,132","15,227","2,163","6,914,277","6,914,277","199,987","244,534","333,821","345,139","333,172","459,625","535,146","483,342","531,888","574,413","587,873","596,558","523,409","477,117","301,127","183,968","118,711","62,172","18,795","3,056","424","6,859,641","6,859,641","190,090","233,346","320,819","329,240","309,137","416,077","473,863","448,783","503,804","555,299","574,547","598,680","514,366","488,111","329,712","223,432","170,551","115,537","50,337","12,171","1,739"
"북부출장소  (4110500000)","0","0","0","0","0","0","0","0","0","0","0","0","0","0","0","0","0","0","0","0","0","0","0","0","0","0","0","0","0","0","0","0","0","0","0","0","0","0","0","0","0","0","0","0","0","0","0","0","0","0","0","0","0","0","0","0","0","0","0","0","0","0","0","0","0","0","0","0","0"
"경기도 수원시 (4111000000)","1,185,677","1,185,677","32,765","37,781","53,133","56,663","64,160","93,885","103,814","85,818","86,877","95,211","97,907","101,442","85,365","75,081","46,635","29,845","20,782","12,532","4,816","1,006","159","594,853","594,853","16,734","19,453","27,316","29,128","33,073","48,951","55,422","45,129","44,552","47,972","48,758","49,723","42,619","37,023","21,709","13,162","8,319","4,305","1,288","190","27","590,824","590,824","16,031","18,328","25,817","27,535","31,087","44,934","48,392","40,689","42,325","47,239","49,149","51,719","42,746","38,058","24,926","16,683","12,463","8,227","3,528","816","132"
"경기도 수원시 장안구 (4111100000)","269,717","269,717","5,964","7,315","11,156","13,499","16,465","20,480","19,672","15,982","16,893","20,605","23,307","25,477","21,548","19,302","12,210","8,170","6,067","3,730","1,513","324","38","135,244","135,244","3,070","3,672","5,747","6,977","8,855","11,407","10,570","8,441","8,613","10,169","11,500","12,442","10,893","9,505","5,636","3,552","2,386","1,339","405","58","7","134,473","134,473","2,894","3,643","5,409","6,522","7,610","9,073","9,102","7,541","8,280","10,436","11,807","13,035","10,655","9,797","6,574","4,618","3,681","2,391","1,108","266","31"
"경기도 수원시 권선구 (4111300000)","360,795","360,795","9,672","10,708","15,710","15,915","16,822","26,790","32,089","26,044","26,774","28,778","29,152","31,715","28,353","25,353","15,600","9,559","6,304","3,728","1,401","286","42","181,791","181,791","4,984","5,537","8,066","8,146","8,560","13,689","17,338","13,976","14,025","14,951","14,643","15,355","14,104","12,478","7,366","4,349","2,551","1,225","382","60","6","179,004","179,004","4,688","5,171","7,644","7,769","8,262","13,101","14,751","12,068","12,749","13,827","14,509","16,360","14,249","12,875","8,234","5,210","3,753","2,503","1,019","226","36"
"경기도 수원시 팔달구 (4111500000)","193,282","193,282","4,851","5,243","5,989","7,109","10,464","17,106","18,552","14,318","12,949","13,471","15,304","16,487","14,334","13,613","9,222","6,201","4,338","2,594","926","169","42","96,921","96,921","2,459","2,707","3,024","3,658","5,207","8,592","10,026","7,772","6,931","6,955","7,723","8,241","7,188","6,638","4,173","2,663","1,781","889","253","35","6","96,361","96,361","2,392","2,536","2,965","3,451","5,257","8,514","8,526","6,546","6,018","6,516","7,581","8,246","7,146","6,975","5,049","3,538","2,557","1,705","673","134","36"
"경기도 수원시 영통구 (4111700000)","361,883","361,883","12,278","14,515","20,278","20,140","20,409","29,509","33,501","29,474","30,261","32,357","30,144","27,763","21,130","16,813","9,603","5,915","4,073","2,480","976","227","37","180,897","180,897","6,221","7,537","10,479","10,347","10,451","15,263","17,488","14,940","14,983","15,897","14,892","13,685","10,434","8,402","4,534","2,598","1,601","852","248","37","8","180,986","180,986","6,057","6,978","9,799","9,793","9,958","14,246","16,013","14,534","15,278","16,460","15,252","14,078","10,696","8,411","5,069","3,317","2,472","1,628","728","190","29"
"경기도 성남시 (4113000000)","899,806","899,806","24,546","28,969","39,543","40,786","40,980","59,914","69,742","64,238","67,602","71,729","73,386","75,807","65,531","64,857","44,255","29,631","20,266","12,013","4,729","1,127","155","444,192","444,192","12,563","14,718","20,217","20,758","20,811","30,485","36,539","32,603","33,821","35,413","36,261","37,709","32,258","31,377","20,892","13,206","8,492","4,441","1,346","244","38","455,614","455,614","11,983","14,251","19,326","20,028","20,169","29,429","33,203","31,635","33,781","36,316","37,125","38,098","33,273","33,480","23,363","16,425","11,774","7,572","3,383","883","117"
"경기도 성남시 수정구 (4113100000)","234,948","234,948","6,579","6,706","7,667","8,407","10,854","16,137","19,188","17,355","16,989","17,056","17,993","20,061","18,626","19,025","13,359","8,908","5,696","3,013","1,052","246","31","118,665","118,665","3,367","3,421","3,859","4,261","5,606","8,531","10,293","9,248","9,019","8,954","9,307","10,242","9,418","9,194","6,275","3,949","2,358","1,042","269","44","8","116,283","116,283","3,212","3,285","3,808","4,146","5,248","7,606","8,895","8,107","7,970","8,102","8,686","9,819","9,208","9,831","7,084","4,959","3,338","1,971","783","202","23"
"경기도 성남시 중원구 (4113300000)","198,233","198,233","4,757","4,837","6,379","7,202","8,482","13,832","16,578","14,004","13,840","14,125","15,304","17,210","16,503","17,138","11,519","7,688","4,945","2,720","932","199","39","99,758","99,758","2,381","2,473","3,311","3,708","4,298","7,128","8,990","7,601","7,355","7,395","7,880","8,636","8,118","8,355","5,398","3,463","2,055","928","247","30","8","98,475","98,475","2,376","2,364","3,068","3,494","4,184","6,704","7,588","6,403","6,485","6,730","7,424","8,574","8,385","8,783","6,121","4,225","2,890","1,792","685","169","31"
"경기도 성남시 분당구 (4113500000)","466,625","466,625","13,210","17,426","25,497","25,177","21,644","29,945","33,976","32,879","36,773","40,548","40,089","38,536","30,402","28,694","19,377","13,035","9,625","6,280","2,745","682","85","225,769","225,769","6,815","8,824","13,047","12,789","10,907","14,826","17,256","15,754","17,447","19,064","19,074","18,831","14,722","13,828","9,219","5,794","4,079","2,471","830","170","22","240,856","240,856","6,395","8,602","12,450","12,388","10,737","15,119","16,720","17,125","19,326","21,484","21,015","19,705","15,680","14,866","10,158","7,241","5,546","3,809","1,915","512","63"
"경기도 의정부시 (4115000000)","461,977","461,977","11,670","14,442","19,033","20,415","22,146","29,728","32,266","28,721","32,164","35,225","38,960","42,409","37,489","35,297","23,674","16,156","11,874","7,200","2,507","536","65","226,540","226,540","5,946","7,489","9,741","10,581","11,079","14,689","16,729","14,777","16,627","17,938","19,105","20,644","18,287","16,979","10,849","6,985","4,759","2,523","691","111","11","235,437","235,437","5,724","6,953","9,292","9,834","11,067","15,039","15,537","13,944","15,537","17,287","19,855","21,765","19,202","18,318","12,825","9,171","7,115","4,677","1,816","425","54"
"경기도 안양시 (4117000000)","562,007","562,007","17,450","17,606","23,813","24,750","25,472","36,007","45,508","42,352","41,130","41,602","44,440","48,218","43,895","43,226","27,772","17,087","11,244","6,934","2,793","629","79","276,806","276,806","9,034","8,917","12,167","12,642","13,069","18,392","23,411","21,876","21,183","20,661","21,615","23,092","21,131","20,606","13,411","7,850","4,620","2,326","666","122","15","285,201","285,201","8,416","8,689","11,646","12,108","12,403","17,615","22,097","20,476","19,947","20,941","22,825","25,126","22,764","22,620","14,361","9,237","6,624","4,608","2,127","507","64"
"경기도 안양시 만안구 (4117100000)","234,085","234,085","6,598","5,817","7,354","8,721","10,605","15,398","19,039","16,637","15,391","15,755","17,654","21,054","20,318","20,537","13,578","8,737","5,810","3,452","1,319","268","43","116,499","116,499","3,388","2,924","3,814","4,462","5,405","7,973","10,012","8,865","8,233","8,162","8,793","10,106","9,982","9,823","6,512","4,060","2,416","1,161","346","55","7","117,586","117,586","3,210","2,893","3,540","4,259","5,200","7,425","9,027","7,772","7,158","7,593","8,861","10,948","10,336","10,714","7,066","4,677","3,394","2,291","973","213","36"
"경기도 안양시 동안구 (4117300000)","327,922","327,922","10,852","11,789","16,459","16,029","14,867","20,609","26,469","25,715","25,739","25,847","26,786","27,164","23,577","22,689","14,194","8,350","5,434","3,482","1,474","361","36","160,307","160,307","5,646","5,993","8,353","8,180","7,664","10,419","13,399","13,011","12,950","12,499","12,822","12,986","11,149","10,783","6,899","3,790","2,204","1,165","320","67","8","167,615","167,615","5,206","5,796","8,106","7,849","7,203","10,190","13,070","12,704","12,789","13,348","13,964","14,178","12,428","11,906","7,295","4,560","3,230","2,317","1,154","294","28"
"경기도 부천시 (4119000000)","754,159","754,159","16,555","20,745","29,031","32,035","33,576","48,305","55,238","48,937","52,547","56,911","61,290","69,347","66,693","66,255","41,487","25,069","15,985","9,451","3,688","900","114","370,968","370,968","8,423","10,660","14,930","16,367","16,968","24,276","28,863","25,253","26,970","28,655","30,517","33,159","32,062","31,919","19,707","11,528","6,523","3,103","897","173","15","383,191","383,191","8,132","10,085","14,101","15,668","16,608","24,029","26,375","23,684","25,577","28,256","30,773","36,188","34,631","34,336","21,780","13,541","9,462","6,348","2,791","727","99"
"경기도 부천시 원미구 (4119200000)","381,864","381,864","8,601","10,518","14,898","16,494","17,706","25,876","29,251","25,808","27,237","28,872","30,990","34,489","33,106","32,478","19,792","11,743","7,350","4,346","1,808","443","58","186,939","186,939","4,326","5,371","7,699","8,365","8,783","12,766","15,138","13,140","13,854","14,268","15,264","16,445","15,791","15,805","9,479","5,472","3,026","1,410","457","73","7","194,925","194,925","4,275","5,147","7,199","8,129","8,923","13,110","14,113","12,668","13,383","14,604","15,726","18,044","17,315","16,673","10,313","6,271","4,324","2,936","1,351","370","51"
"경기도 부천시 소사구 (4119400000)","223,777","223,777","5,636","7,193","9,468","9,858","9,375","12,325","15,051","14,712","16,586","18,141","17,811","18,926","18,488","19,439","13,112","8,209","5,050","2,958","1,146","258","35","109,324","109,324","2,888","3,740","4,822","4,998","4,730","6,243","7,776","7,493","8,429","9,186","8,929","8,906","8,707","9,044","6,095","3,788","2,151","1,054","275","66","4","114,453","114,453","2,748","3,453","4,646","4,860","4,645","6,082","7,275","7,219","8,157","8,955","8,882","10,020","9,781","10,395","7,017","4,421","2,899","1,904","871","192","31"
"경기도 부천시 오정구 (4119600000)","148,518","148,518","2,318","3,034","4,665","5,683","6,495","10,104","10,936","8,417","8,724","9,898","12,489","15,932","15,099","14,338","8,583","5,117","3,585","2,147","734","199","21","74,705","74,705","1,209","1,549","2,409","3,004","3,455","5,267","5,949","4,620","4,687","5,201","6,324","7,808","7,564","7,070","4,133","2,268","1,346","639","165","34","4","73,813","73,813","1,109","1,485","2,256","2,679","3,040","4,837","4,987","3,797","4,037","4,697","6,165","8,124","7,535","7,268","4,450","2,849","2,239","1,508","569","165","17"
"경기도 광명시 (4121000000)","303,641","303,641","9,328","9,770","13,432","14,536","14,509","18,311","23,530","22,035","22,894","24,120","25,866","25,585","22,058","21,996","15,147","9,297","6,019","3,443","1,416","298","51","148,631","148,631","4,873","4,918","6,832","7,410","7,540","9,126","11,856","11,384","11,580","11,768","12,693","12,440","10,845","10,174","7,028","4,217","2,356","1,179","346","55","11","155,010","155,010","4,455","4,852","6,600","7,126","6,969","9,185","11,674","10,651","11,314","12,352","13,173","13,145","11,213","11,822","8,119","5,080","3,663","2,264","1,070","243","40"
"경기도 평택시 (4122000000)","622,663","622,663","21,839","24,570","30,557","28,956","27,597","44,506","54,120","48,335","50,154","52,284","51,903","51,508","41,770","36,238","22,680","14,861","10,783","6,837","2,551","541","73","327,751","327,751","11,195","12,407","15,470","14,796","14,987","25,588","31,045","26,945","27,505","28,473","27,714","26,846","21,971","18,254","10,743","6,543","4,182","2,313","645","113","16","294,912","294,912","10,644","12,163","15,087","14,160","12,610","18,918","23,075","21,390","22,649","23,811","24,189","24,662","19,799","17,984","11,937","8,318","6,601","4,524","1,906","428","57"
"경기도 송탄출장소 (4122200000)","0","0","0","0","0","0","0","0","0","0","0","0","0","0","0","0","0","0","0","0","0","0","0","0","0","0","0","0","0","0","0","0","0","0","0","0","0","0","0","0","0","0","0","0","0","0","0","0","0","0","0","0","0","0","0","0","0","0","0","0","0","0","0","0","0","0","0","0","0"
"경기도 안중출장소 (4122400000)","0","0","0","0","0","0","0","0","0","0","0","0","0","0","0","0","0","0","0","0","0","0","0","0","0","0","0","0","0","0","0","0","0","0","0","0","0","0","0","0","0","0","0","0","0","0","0","0","0","0","0","0","0","0","0","0","0","0","0","0","0","0","0","0","0","0","0","0","0"
"경기도 동두천시 (4125000000)","86,168","86,168","1,398","1,986","3,319","4,017","3,766","4,466","4,416","3,823","4,951","5,961","7,337","8,323","7,795","8,042","5,638","4,307","3,408","2,250","763","180","22","42,885","42,885","734","1,003","1,746","1,982","1,961","2,430","2,458","2,010","2,530","3,037","3,793","4,375","4,069","3,993","2,621","1,834","1,292","746","223","42","6","43,283","43,283","664","983","1,573","2,035","1,805","2,036","1,958","1,813","2,421","2,924","3,544","3,948","3,726","4,049","3,017","2,473","2,116","1,504","540","138","16"
"경기도 안산시 (4127000000)","608,487","608,487","12,609","15,636","23,259","28,326","32,911","45,888","46,761","36,328","38,069","45,154","54,893","63,506","56,173","46,660","25,488","15,399","10,879","6,870","2,914","626","138","311,577","311,577","6,385","8,013","11,795","14,594","17,060","24,763","26,048","20,079","20,315","23,405","27,638","31,482","29,077","24,267","12,470","7,009","4,232","2,113","685","114","33","296,910","296,910","6,224","7,623","11,464","13,732","15,851","21,125","20,713","16,249","17,754","21,749","27,255","32,024","27,096","22,393","13,018","8,390","6,647","4,757","2,229","512","105"
"경기도 안산시 상록구 (4127100000)","320,360","320,360","5,660","7,731","12,423","15,120","18,154","24,427","23,692","17,380","19,391","23,726","29,383","34,256","30,027","24,688","13,481","8,451","6,290","4,002","1,632","369","77","163,534","163,534","2,873","3,962","6,304","7,699","9,464","13,243","13,273","9,594","10,201","12,308","14,681","17,010","15,623","12,836","6,536","3,797","2,415","1,210","407","78","20","156,826","156,826","2,787","3,769","6,119","7,421","8,690","11,184","10,419","7,786","9,190","11,418","14,702","17,246","14,404","11,852","6,945","4,654","3,875","2,792","1,225","291","57"
"경기도 안산시 단원구 (4127300000)","288,127","288,127","6,949","7,905","10,836","13,206","14,757","21,461","23,069","18,948","18,678","21,428","25,510","29,250","26,146","21,972","12,007","6,948","4,589","2,868","1,282","257","61","148,043","148,043","3,512","4,051","5,491","6,895","7,596","11,520","12,775","10,485","10,114","11,097","12,957","14,472","13,454","11,431","5,934","3,212","1,817","903","278","36","13","140,084","140,084","3,437","3,854","5,345","6,311","7,161","9,941","10,294","8,463","8,564","10,331","12,553","14,778","12,692","10,541","6,073","3,736","2,772","1,965","1,004","221","48"
"경기도 고양시 (4128000000)","1,056,589","1,056,589","26,773","32,777","46,026","48,683","48,646","66,564","75,000","69,077","74,203","81,509","92,395","100,414","87,400","77,199","47,937","31,274","24,932","17,168","6,966","1,475","171","513,464","513,464","13,798","16,697","23,420","24,736","24,391","33,102","37,852","34,408","37,022","39,498","44,523","48,518","42,866","38,340","23,152","13,364","9,585","5,790","2,033","332","37","543,125","543,125","12,975","16,080","22,606","23,947","24,255","33,462","37,148","34,669","37,181","42,011","47,872","51,896","44,534","38,859","24,785","17,910","15,347","11,378","4,933","1,143","134"
"경기도 고양시 덕양구 (4128100000)","482,470","482,470","13,947","15,861","20,234","20,191","20,675","28,842","35,644","34,439","36,060","37,255","40,110","43,223","38,645","35,558","23,124","15,332","11,888","7,767","2,984","612","79","236,117","236,117","7,161","8,121","10,261","10,246","10,383","14,426","17,856","17,254","18,277","18,602","19,826","21,216","19,082","17,549","11,028","6,578","4,596","2,678","840","122","15","246,353","246,353","6,786","7,740","9,973","9,945","10,292","14,416","17,788","17,185","17,783","18,653","20,284","22,007","19,563","18,009","12,096","8,754","7,292","5,089","2,144","490","64"
"경기도 고양시 일산동구 (4128500000)","298,091","298,091","7,152","9,036","12,772","13,793","13,964","20,327","22,036","19,293","20,441","23,037","26,525","28,845","24,968","21,406","12,850","8,038","6,451","4,605","2,036","468","48","144,289","144,289","3,714","4,542","6,564","7,023","6,850","9,883","11,072","9,591","10,182","10,996","12,643","13,813","12,235","10,693","6,329","3,469","2,477","1,501","590","110","12","153,802","153,802","3,438","4,494","6,208","6,770","7,114","10,444","10,964","9,702","10,259","12,041","13,882","15,032","12,733","10,713","6,521","4,569","3,974","3,104","1,446","358","36"
"경기도 고양시 일산서구 (4128700000)","276,028","276,028","5,674","7,880","13,020","14,699","14,007","17,395","17,320","15,345","17,702","21,217","25,760","28,346","23,787","20,235","11,963","7,904","6,593","4,796","1,946","395","44","133,058","133,058","2,923","4,034","6,595","7,467","7,158","8,793","8,924","7,563","8,563","9,900","12,054","13,489","11,549","10,098","5,795","3,317","2,512","1,611","603","100","10","142,970","142,970","2,751","3,846","6,425","7,232","6,849","8,602","8,396","7,782","9,139","11,317","13,706","14,857","12,238","10,137","6,168","4,587","4,081","3,185","1,343","295","34"
"경기도 과천시 (4129000000)","81,107","81,107","3,417","4,675","4,604","3,731","3,481","4,654","6,051","6,558","6,998","6,155","5,732","6,106","5,610","5,099","3,198","2,033","1,489","930","459","108","19","39,502","39,502","1,740","2,394","2,330","1,911","1,732","2,353","2,921","3,126","3,448","3,078","2,763","2,869","2,751","2,464","1,581","911","613","351","140","23","3","41,605","41,605","1,677","2,281","2,274","1,820","1,749","2,301","3,130","3,432","3,550","3,077","2,969","3,237","2,859","2,635","1,617","1,122","876","579","319","85","16"
"경기도 구리시 (4131000000)","188,134","188,134","4,638","5,457","7,845","8,169","8,566","12,339","14,537","12,260","13,203","14,622","15,699","17,453","15,770","14,683","9,419","5,898","4,192","2,375","826","158","25","93,128","93,128","2,400","2,816","4,044","4,181","4,331","6,157","7,547","6,352","6,760","7,372","7,656","8,421","7,913","7,166","4,511","2,608","1,736","873","239","38","7","95,006","95,006","2,238","2,641","3,801","3,988","4,235","6,182","6,990","5,908","6,443","7,250","8,043","9,032","7,857","7,517","4,908","3,290","2,456","1,502","587","120","18"
"경기도 남양주시 (4136000000)","727,158","727,158","18,454","25,697","38,248","40,027","34,402","40,079","43,217","40,968","53,008","64,408","65,863","64,443","54,551","51,149","36,341","24,448","17,220","10,072","3,602","824","137","358,974","358,974","9,390","13,236","19,559","20,482","17,843","20,523","22,162","20,425","25,921","31,738","33,145","32,264","27,685","24,754","16,976","10,977","7,152","3,571","977","167","27","368,184","368,184","9,064","12,461","18,689","19,545","16,559","19,556","21,055","20,543","27,087","32,670","32,718","32,179","26,866","26,395","19,365","13,471","10,068","6,501","2,625","657","110"
"경기도 풍양출장소 (4136200000)","0","0","0","0","0","0","0","0","0","0","0","0","0","0","0","0","0","0","0","0","0","0","0","0","0","0","0","0","0","0","0","0","0","0","0","0","0","0","0","0","0","0","0","0","0","0","0","0","0","0","0","0","0","0","0","0","0","0","0","0","0","0","0","0","0","0","0","0","0"
"경기도 오산시 (4137000000)","255,303","255,303","8,157","9,815","13,700","13,767","12,030","16,640","21,123","20,473","22,905","24,173","22,279","20,063","15,632","13,703","8,460","5,413","3,838","2,177","770","159","26","133,324","133,324","4,214","5,051","6,928","7,090","6,378","9,275","11,943","11,304","12,448","12,981","11,738","10,324","8,060","6,705","4,001","2,420","1,488","736","208","30","2","121,979","121,979","3,943","4,764","6,772","6,677","5,652","7,365","9,180","9,169","10,457","11,192","10,541","9,739","7,572","6,998","4,459","2,993","2,350","1,441","562","129","24"
"경기도 시흥시 (4139000000)","515,337","515,337","15,889","20,742","26,481","25,670","24,305","31,756","37,450","36,543","42,743","45,573","45,047","47,236","40,152","32,352","18,077","10,823","7,422","4,741","1,854","412","69","268,168","268,168","8,202","10,496","13,432","13,179","13,082","17,250","20,394","19,447","22,751","24,506","23,942","24,216","21,346","17,186","8,927","4,976","2,909","1,456","398","60","13","247,169","247,169","7,687","10,246","13,049","12,491","11,223","14,506","17,056","17,096","19,992","21,067","21,105","23,020","18,806","15,166","9,150","5,847","4,513","3,285","1,456","352","56"
"경기도 군포시 (4141000000)","249,066","249,066","5,320","6,402","9,998","11,802","12,205","16,586","18,369","15,557","16,129","18,596","21,167","23,344","21,313","20,468","12,581","7,817","5,667","3,704","1,654","349","38","123,350","123,350","2,725","3,257","5,140","6,137","6,347","8,741","9,904","8,274","8,287","9,177","10,284","11,212","10,379","9,805","6,027","3,613","2,241","1,256","456","78","10","125,716","125,716","2,595","3,145","4,858","5,665","5,858","7,845","8,465","7,283","7,842","9,419","10,883","12,132","10,934","10,663","6,554","4,204","3,426","2,448","1,198","271","28"
"경기도 의왕시 (4143000000)","166,540","166,540","6,092","5,651","6,601","6,915","7,235","10,212","13,256","12,862","11,852","11,159","12,613","14,655","13,975","13,444","8,474","4,927","3,380","2,087","891","219","40","82,104","82,104","3,105","2,962","3,324","3,545","3,696","5,278","6,760","6,572","6,175","5,616","6,069","6,793","6,703","6,551","4,178","2,323","1,457","735","221","34","7","84,436","84,436","2,987","2,689","3,277","3,370","3,539","4,934","6,496","6,290","5,677","5,543","6,544","7,862","7,272","6,893","4,296","2,604","1,923","1,352","670","185","33"
"경기도 하남시 (4145000000)","327,389","327,389","10,846","14,441","18,213","15,815","13,207","18,955","23,792","24,777","29,294","29,969","26,039","24,076","21,050","21,597","15,420","9,748","5,642","2,993","1,166","305","44","162,287","162,287","5,702","7,435","9,135","7,930","6,602","9,333","11,824","12,167","14,694","15,211","13,462","12,058","10,325","10,310","7,276","4,816","2,565","1,090","302","44","6","165,102","165,102","5,144","7,006","9,078","7,885","6,605","9,622","11,968","12,610","14,600","14,758","12,577","12,018","10,725","11,287","8,144","4,932","3,077","1,903","864","261","38"
"경기도 용인시 (4146000000)","1,091,437","1,091,437","30,337","39,895","58,620","64,040","57,508","67,156","70,809","67,652","81,494","95,893","99,009","93,909","72,288","63,662","46,555","34,484","25,907","15,151","5,666","1,245","157","540,974","540,974","15,431","20,366","29,877","32,817","29,973","35,377","36,851","33,936","40,086","46,984","49,048","46,775","36,600","31,021","21,119","15,097","11,257","6,128","1,926","276","29","550,463","550,463","14,906","19,529","28,743","31,223","27,535","31,779","33,958","33,716","41,408","48,909","49,961","47,134","35,688","32,641","25,436","19,387","14,650","9,023","3,740","969","128"
"경기도 용인시 처인구 (4146100000)","288,583","288,583","7,886","9,565","12,683","16,383","14,639","17,650","19,491","18,224","20,976","23,070","24,433","25,390","22,627","20,877","13,981","8,838","6,232","3,729","1,518","355","36","147,919","147,919","3,964","4,914","6,437","8,602","7,966","9,788","10,562","9,819","11,021","12,077","12,720","12,868","11,534","10,510","6,721","4,114","2,548","1,267","421","61","5","140,664","140,664","3,922","4,651","6,246","7,781","6,673","7,862","8,929","8,405","9,955","10,993","11,713","12,522","11,093","10,367","7,260","4,724","3,684","2,462","1,097","294","31"
"경기도 용인시 기흥구 (4146300000)","434,133","434,133","11,303","14,653","23,010","25,144","23,978","28,143","27,847","25,153","30,682","38,345","41,276","39,173","28,506","24,513","18,353","13,931","10,767","6,362","2,394","526","74","213,684","213,684","5,726","7,532","11,846","12,793","12,480","14,784","14,643","12,602","14,927","18,476","19,983","19,403","14,393","11,658","8,227","5,951","4,675","2,589","858","121","17","220,449","220,449","5,577","7,121","11,164","12,351","11,498","13,359","13,204","12,551","15,755","19,869","21,293","19,770","14,113","12,855","10,126","7,980","6,092","3,773","1,536","405","57"
"경기도 용인시 수지구 (4146500000)","368,721","368,721","11,148","15,677","22,927","22,513","18,891","21,363","23,471","24,275","29,836","34,478","33,300","29,346","21,155","18,272","14,221","11,715","8,908","5,060","1,754","364","47","179,371","179,371","5,741","7,920","11,594","11,422","9,527","10,805","11,646","11,515","14,138","16,431","16,345","14,504","10,673","8,853","6,171","5,032","4,034","2,272","647","94","7","189,350","189,350","5,407","7,757","11,333","11,091","9,364","10,558","11,825","12,760","15,698","18,047","16,955","14,842","10,482","9,419","8,050","6,683","4,874","2,788","1,107","270","40"
"경기도 파주시 (4148000000)","535,692","535,692","16,552","21,575","28,456","27,760","23,607","30,820","36,885","37,841","43,448","45,270","45,632","44,829","37,478","34,098","22,398","15,521","11,986","7,844","2,927","686","79","269,432","269,432","8,456","11,006","14,530","14,087","12,382","16,344","19,001","19,367","22,870","23,199","23,224","23,050","19,129","16,983","10,599","6,788","4,793","2,668","781","155","20","266,260","266,260","8,096","10,569","13,926","13,673","11,225","14,476","17,884","18,474","20,578","22,071","22,408","21,779","18,349","17,115","11,799","8,733","7,193","5,176","2,146","531","59"
"경기도 이천시 (4150000000)","227,032","227,032","6,124","7,231","10,412","12,702","10,520","16,026","17,251","14,596","15,948","17,522","18,096","19,002","17,320","16,983","10,942","6,743","4,978","3,117","1,242","240","37","118,656","118,656","3,208","3,763","5,305","6,558","5,697","9,492","10,237","7,830","8,554","9,089","9,388","9,808","8,974","8,653","5,455","3,106","2,072","1,065","338","54","10","108,376","108,376","2,916","3,468","5,107","6,144","4,823","6,534","7,014","6,766","7,394","8,433","8,708","9,194","8,346","8,330","5,487","3,637","2,906","2,052","904","186","27"
"경기도 안성시 (4155000000)","199,484","199,484","4,566","5,576","8,273","9,885","10,022","11,859","12,592","11,281","13,323","15,607","16,608","17,920","16,217","16,408","11,331","7,248","5,309","3,644","1,490","282","43","103,236","103,236","2,385","2,900","4,225","5,094","5,340","6,663","7,194","6,260","7,207","8,410","8,772","9,372","8,468","8,239","5,547","3,364","2,133","1,233","376","48","6","96,248","96,248","2,181","2,676","4,048","4,791","4,682","5,196","5,398","5,021","6,116","7,197","7,836","8,548","7,749","8,169","5,784","3,884","3,176","2,411","1,114","234","37"
"경기도 김포시 (4157000000)","483,679","483,679","14,190","21,243","30,450","26,371","19,770","25,415","29,501","31,820","42,950","47,330","40,909","36,406","31,840","30,828","21,744","14,670","9,895","5,677","2,099","508","63","241,092","241,092","7,321","10,954","15,353","13,511","10,112","12,899","14,982","15,634","21,256","24,111","21,452","18,421","16,046","15,046","10,087","6,791","4,276","2,134","595","98","13","242,587","242,587","6,869","10,289","15,097","12,860","9,658","12,516","14,519","16,186","21,694","23,219","19,457","17,985","15,794","15,782","11,657","7,879","5,619","3,543","1,504","410","50"
"경기도 화성시 (4159000000)","1,000,464","1,000,464","40,534","47,323","61,577","56,917","44,326","63,807","83,587","82,372","91,916","94,689","82,172","72,283","56,525","49,228","30,713","18,485","12,347","7,722","3,193","663","85","518,113","518,113","20,641","24,242","31,374","28,916","23,156","34,503","45,299","43,146","47,589","49,836","43,669","38,179","29,994","25,223","15,140","8,547","5,088","2,640","805","114","12","482,351","482,351","19,893","23,081","30,203","28,001","21,170","29,304","38,288","39,226","44,327","44,853","38,503","34,104","26,531","24,005","15,573","9,938","7,259","5,082","2,388","549","73"
"경기도 화성시 만세구 (4159100000)","234,222","234,222","6,456","8,862","11,947","11,302","8,826","14,341","16,148","15,464","18,722","20,606","19,789","19,924","18,171","17,024","10,610","6,572","4,598","3,195","1,346","288","31","127,676","127,676","3,295","4,537","6,137","5,795","4,880","8,571","9,712","8,714","10,320","11,675","11,400","11,277","10,125","9,197","5,474","3,191","1,896","1,071","337","66","6","106,546","106,546","3,161","4,325","5,810","5,507","3,946","5,770","6,436","6,750","8,402","8,931","8,389","8,647","8,046","7,827","5,136","3,381","2,702","2,124","1,009","222","25"
"경기도 화성시 효행구 (4159300000)","160,959","160,959","6,905","6,489","7,735","7,943","7,448","9,076","12,689","13,273","13,188","13,219","13,153","12,857","11,023","10,089","6,481","4,007","2,697","1,721","764","170","32","82,941","82,941","3,522","3,228","3,914","3,961","3,845","4,766","6,636","7,178","7,124","6,990","6,952","6,783","5,846","5,218","3,276","1,830","1,116","566","168","19","3","78,018","78,018","3,383","3,261","3,821","3,982","3,603","4,310","6,053","6,095","6,064","6,229","6,201","6,074","5,177","4,871","3,205","2,177","1,581","1,155","596","151","29"
"경기도 화성시 병점구 (4159500000)","175,182","175,182","6,614","7,581","9,195","9,307","9,027","12,945","15,195","14,361","15,494","15,384","14,590","13,310","10,118","8,797","5,647","3,403","2,306","1,340","456","102","10","90,591","90,591","3,413","3,876","4,733","4,774","4,750","7,255","8,537","7,677","8,213","8,044","7,544","6,674","5,139","4,261","2,666","1,493","905","492","130","13","2","84,591","84,591","3,201","3,705","4,462","4,533","4,277","5,690","6,658","6,684","7,281","7,340","7,046","6,636","4,979","4,536","2,981","1,910","1,401","848","326","89","8"
"경기도 화성시 동탄구 (4159700000)","430,101","430,101","20,559","24,391","32,700","28,365","19,025","27,445","39,555","39,274","44,512","45,480","34,640","26,192","17,213","13,318","7,975","4,503","2,746","1,466","627","103","12","216,905","216,905","10,411","12,601","16,590","14,386","9,681","13,911","20,414","19,577","21,932","23,127","17,773","13,445","8,884","6,547","3,724","2,033","1,171","511","170","16","1","213,196","213,196","10,148","11,790","16,110","13,979","9,344","13,534","19,141","19,697","22,580","22,353","16,867","12,747","8,329","6,771","4,251","2,470","1,575","955","457","87","11"
"경기도 광주시 (4161000000)","401,246","401,246","11,196","14,591","18,754","18,235","16,031","21,644","25,757","25,997","32,324","34,755","34,610","36,183","32,029","30,972","20,624","12,588","8,188","4,633","1,693","379","63","204,071","204,071","5,710","7,431","9,663","9,292","8,384","11,529","13,734","13,456","16,870","18,300","18,033","18,330","16,167","15,258","10,167","5,917","3,617","1,667","463","69","14","197,175","197,175","5,486","7,160","9,091","8,943","7,647","10,115","12,023","12,541","15,454","16,455","16,577","17,853","15,862","15,714","10,457","6,671","4,571","2,966","1,230","310","49"
"경기도 양주시 (4163000000)","297,605","297,605","10,195","11,929","14,890","14,361","13,250","16,839","20,333","19,786","22,520","23,959","25,230","25,109","21,735","20,678","14,218","9,418","7,007","4,135","1,613","348","52","149,409","149,409","5,262","6,086","7,488","7,227","6,983","8,796","10,558","10,092","11,662","12,243","12,824","12,697","11,200","10,288","6,806","4,287","2,935","1,441","458","66","10","148,196","148,196","4,933","5,843","7,402","7,134","6,267","8,043","9,775","9,694","10,858","11,716","12,406","12,412","10,535","10,390","7,412","5,131","4,072","2,694","1,155","282","42"
"경기도 포천시 (4165000000)","140,397","140,397","2,432","3,011","4,341","5,271","5,723","7,885","7,700","6,335","6,789","8,437","11,232","14,316","15,262","15,862","9,934","6,174","4,765","3,316","1,280","279","53","74,320","74,320","1,254","1,604","2,242","2,822","3,190","4,569","4,452","3,581","3,771","4,536","6,038","7,710","8,399","8,559","5,268","2,913","1,941","1,093","323","43","12","66,077","66,077","1,178","1,407","2,099","2,449","2,533","3,316","3,248","2,754","3,018","3,901","5,194","6,606","6,863","7,303","4,666","3,261","2,824","2,223","957","236","41"
"경기도 여주시 (4167000000)","113,348","113,348","2,077","2,893","4,156","4,695","4,189","5,310","5,818","5,364","6,461","7,816","8,989","10,700","11,200","11,717","8,904","5,257","3,973","2,528","1,028","240","33","57,848","57,848","1,044","1,473","2,202","2,505","2,305","2,890","3,245","2,871","3,305","4,072","4,626","5,512","5,858","5,974","4,450","2,591","1,672","923","276","51","3","55,500","55,500","1,033","1,420","1,954","2,190","1,884","2,420","2,573","2,493","3,156","3,744","4,363","5,188","5,342","5,743","4,454","2,666","2,301","1,605","752","189","30"
"경기도 연천군 (4180000000)","43,143","43,143","821","1,000","1,288","1,478","1,854","2,574","2,409","1,851","1,998","2,224","2,818","3,619","4,304","4,925","3,597","2,426","1,985","1,350","515","97","10","22,687","22,687","405","514","645","781","1,136","1,607","1,455","1,069","1,112","1,190","1,577","1,911","2,301","2,553","1,853","1,131","816","448","152","29","2","20,456","20,456","416","486","643","697","718","967","954","782","886","1,034","1,241","1,708","2,003","2,372","1,744","1,295","1,169","902","363","68","8"
"경기도 가평군 (4182000000)","62,046","62,046","1,060","1,314","1,855","2,226","2,165","2,936","2,852","2,499","2,995","3,678","4,555","5,730","6,443","7,492","5,732","3,326","2,708","1,660","677","118","25","31,886","31,886","543","675","944","1,135","1,185","1,665","1,621","1,361","1,581","1,956","2,462","2,984","3,384","3,881","2,903","1,595","1,193","615","177","19","7","30,160","30,160","517","639","911","1,091","980","1,271","1,231","1,138","1,414","1,722","2,093","2,746","3,059","3,611","2,829","1,731","1,515","1,045","500","99","18"
"경기도 양평군 (4183000000)","127,137","127,137","2,247","3,137","4,732","5,375","4,150","4,636","5,325","5,069","6,803","8,171","9,744","11,297","12,912","15,029","11,464","7,027","5,192","3,155","1,344","290","38","64,049","64,049","1,164","1,598","2,447","2,945","2,379","2,579","2,839","2,608","3,436","3,988","5,084","5,664","6,542","7,566","5,674","3,499","2,397","1,210","364","64","2","63,088","63,088","1,083","1,539","2,285","2,430","1,771","2,057","2,486","2,461","3,367","4,183","4,660","5,633","6,370","7,463","5,790","3,528","2,795","1,945","980","226","36"
"강원특별자치도  (5100000000)","1,506,662","1,506,662","34,892","43,615","59,179","65,096","66,160","78,435","83,643","75,748","88,595","103,228","118,463","135,610","133,626","148,246","103,971","63,218","53,729","34,940","12,807","2,995","466","757,981","757,981","17,774","22,313","30,389","33,850","36,874","44,257","45,648","40,161","45,498","52,368","60,955","69,785","67,982","73,612","50,770","28,532","21,687","11,727","3,184","520","95","748,681","748,681","17,118","21,302","28,790","31,246","29,286","34,178","37,995","35,587","43,097","50,860","57,508","65,825","65,644","74,634","53,201","34,686","32,042","23,213","9,623","2,475","371"
"동해출장소  (5110500000)","0","0","0","0","0","0","0","0","0","0","0","0","0","0","0","0","0","0","0","0","0","0","0","0","0","0","0","0","0","0","0","0","0","0","0","0","0","0","0","0","0","0","0","0","0","0","0","0","0","0","0","0","0","0","0","0","0","0","0","0","0","0","0","0","0","0","0","0","0"
"강원특별자치도 춘천시 (5111000000)","284,783","284,783","7,647","9,128","12,472","13,068","16,604","17,622","18,503","16,475","18,218","20,056","21,702","24,092","22,150","23,431","16,558","9,572","8,776","5,899","2,241","504","65","140,233","140,233","3,831","4,705","6,404","6,751","8,666","9,615","9,775","8,465","9,162","9,884","10,583","12,102","10,966","11,169","7,837","4,145","3,488","2,004","567","94","20","144,550","144,550","3,816","4,423","6,068","6,317","7,938","8,007","8,728","8,010","9,056","10,172","11,119","11,990","11,184","12,262","8,721","5,427","5,288","3,895","1,674","410","45"
"강원특별자치도 원주시 (5113000000)","365,379","365,379","10,441","12,814","16,786","17,693","16,562","21,418","24,983","22,574","25,412","27,889","29,892","32,143","29,425","29,657","19,187","10,633","8,765","6,189","2,311","541","64","180,937","180,937","5,291","6,562","8,580","9,002","8,975","11,386","13,015","11,571","12,763","13,776","14,551","15,954","14,630","14,543","9,305","4,738","3,506","2,102","572","100","15","184,442","184,442","5,150","6,252","8,206","8,691","7,587","10,032","11,968","11,003","12,649","14,113","15,341","16,189","14,795","15,114","9,882","5,895","5,259","4,087","1,739","441","49"
"강원특별자치도 강릉시 (5115000000)","205,440","205,440","4,311","5,529","7,754","8,550","8,999","10,642","11,031","9,661","11,769","14,726","17,288","18,742","17,732","19,854","14,359","9,502","7,818","4,804","1,834","466","69","101,884","101,884","2,238","2,865","4,016","4,508","5,131","5,808","5,929","5,199","5,957","7,486","8,847","9,501","8,783","9,454","6,633","4,203","3,156","1,596","487","80","7","103,556","103,556","2,073","2,664","3,738","4,042","3,868","4,834","5,102","4,462","5,812","7,240","8,441","9,241","8,949","10,400","7,726","5,299","4,662","3,208","1,347","386","62"
"강원특별자치도 동해시 (5117000000)","85,534","85,534","1,896","2,548","3,769","4,003","3,169","4,073","4,309","3,736","5,078","6,513","7,596","8,133","7,151","8,090","5,931","3,880","3,079","1,785","642","135","18","43,311","43,311","975","1,285","1,945","2,104","1,881","2,387","2,496","1,990","2,650","3,269","4,041","4,208","3,617","3,846","2,795","1,768","1,230","643","152","27","2","42,223","42,223","921","1,263","1,824","1,899","1,288","1,686","1,813","1,746","2,428","3,244","3,555","3,925","3,534","4,244","3,136","2,112","1,849","1,142","490","108","16"
"강원특별자치도 태백시 (5119000000)","36,680","36,680","531","843","1,363","1,765","1,216","1,363","1,357","1,314","1,930","2,707","3,112","3,466","3,266","4,039","3,208","2,236","1,644","955","304","46","15","18,580","18,580","271","440","716","943","674","815","791","715","1,017","1,378","1,722","1,912","1,717","1,998","1,510","935","664","283","71","5","3","18,100","18,100","260","403","647","822","542","548","566","599","913","1,329","1,390","1,554","1,549","2,041","1,698","1,301","980","672","233","41","12"
"강원특별자치도 속초시 (5121000000)","78,788","78,788","1,765","2,248","3,293","3,167","2,650","3,838","4,422","4,221","4,888","5,626","6,504","7,612","7,283","7,777","5,386","3,302","2,582","1,505","526","169","24","38,925","38,925","923","1,180","1,632","1,618","1,457","2,145","2,443","2,349","2,490","2,844","3,191","3,724","3,573","3,700","2,559","1,412","1,008","496","142","34","5","39,863","39,863","842","1,068","1,661","1,549","1,193","1,693","1,979","1,872","2,398","2,782","3,313","3,888","3,710","4,077","2,827","1,890","1,574","1,009","384","135","19"
"강원특별자치도 삼척시 (5123000000)","60,041","60,041","1,182","1,447","1,901","2,585","3,186","2,505","2,339","2,254","2,934","3,745","4,762","5,568","5,532","6,599","4,776","3,309","2,730","1,761","757","142","27","30,735","30,735","609","743","976","1,353","1,825","1,485","1,299","1,222","1,592","1,989","2,681","3,115","2,901","3,305","2,332","1,514","1,030","540","203","17","4","29,306","29,306","573","704","925","1,232","1,361","1,020","1,040","1,032","1,342","1,756","2,081","2,453","2,631","3,294","2,444","1,795","1,700","1,221","554","125","23"
"강원특별자치도 홍천군 (5172000000)","65,817","65,817","1,145","1,501","2,099","2,216","1,994","2,652","2,807","2,577","3,029","3,579","4,486","6,007","7,204","8,803","6,289","3,443","2,891","2,057","819","185","34","33,950","33,950","577","751","1,077","1,118","1,180","1,600","1,614","1,455","1,594","1,860","2,441","3,133","3,824","4,548","3,319","1,723","1,198","709","194","26","9","31,867","31,867","568","750","1,022","1,098","814","1,052","1,193","1,122","1,435","1,719","2,045","2,874","3,380","4,255","2,970","1,720","1,693","1,348","625","159","25"
"강원특별자치도 횡성군 (5173000000)","45,465","45,465","582","912","1,224","1,943","1,321","1,386","1,372","1,383","1,848","2,289","2,987","4,275","5,381","6,637","4,712","2,672","2,248","1,567","565","143","18","23,560","23,560","302","482","655","1,041","756","797","768","742","969","1,260","1,673","2,215","2,856","3,481","2,494","1,357","991","559","144","18","0","21,905","21,905","280","430","569","902","565","589","604","641","879","1,029","1,314","2,060","2,525","3,156","2,218","1,315","1,257","1,008","421","125","18"
"강원특별자치도 영월군 (5175000000)","35,651","35,651","427","723","1,022","1,338","1,147","1,135","1,070","1,124","1,547","1,941","2,582","3,475","4,012","4,801","3,517","2,168","1,885","1,203","433","87","14","18,469","18,469","232","384","538","765","678","662","605","597","809","1,028","1,398","1,913","2,188","2,541","1,835","1,018","748","398","105","23","4","17,182","17,182","195","339","484","573","469","473","465","527","738","913","1,184","1,562","1,824","2,260","1,682","1,150","1,137","805","328","64","10"
"강원특별자치도 평창군 (5176000000)","39,849","39,849","489","703","1,060","1,387","1,230","1,392","1,264","1,248","1,662","2,281","3,049","4,012","4,610","5,542","3,907","2,359","1,854","1,312","388","84","16","20,685","20,685","238","334","531","733","734","849","732","675","894","1,215","1,681","2,156","2,451","2,917","2,039","1,113","808","478","95","10","2","19,164","19,164","251","369","529","654","496","543","532","573","768","1,066","1,368","1,856","2,159","2,625","1,868","1,246","1,046","834","293","74","14"
"강원특별자치도 정선군 (5177000000)","35,137","35,137","392","612","897","1,155","1,130","1,234","1,105","1,201","1,641","2,253","2,918","3,698","3,852","4,640","3,228","2,028","1,704","1,020","342","60","27","18,488","18,488","184","297","469","599","601","718","668","661","924","1,299","1,732","2,095","2,118","2,440","1,664","908","684","328","79","13","7","16,649","16,649","208","315","428","556","529","516","437","540","717","954","1,186","1,603","1,734","2,200","1,564","1,120","1,020","692","263","47","20"
"강원특별자치도 철원군 (5178000000)","39,598","39,598","1,037","1,160","1,363","1,602","1,763","2,167","2,234","1,873","1,963","2,376","2,801","3,289","3,667","4,012","2,815","2,036","1,874","1,129","327","94","16","20,433","20,433","525","575","683","860","1,066","1,393","1,357","1,047","1,055","1,193","1,533","1,742","1,932","2,048","1,285","911","770","353","87","17","1","19,165","19,165","512","585","680","742","697","774","877","826","908","1,183","1,268","1,547","1,735","1,964","1,530","1,125","1,104","776","240","77","15"
"강원특별자치도 화천군 (5179000000)","22,908","22,908","579","616","787","831","1,241","1,656","1,417","1,117","1,078","1,150","1,421","1,884","2,102","2,437","1,654","975","991","676","225","55","16","12,332","12,332","294","290","401","416","806","1,120","882","679","570","633","756","1,011","1,149","1,315","882","439","405","220","46","13","5","10,576","10,576","285","326","386","415","435","536","535","438","508","517","665","873","953","1,122","772","536","586","456","179","42","11"
"강원특별자치도 양구군 (5180000000)","20,354","20,354","543","618","766","1,062","923","1,189","1,149","1,029","1,123","1,126","1,310","1,697","1,888","2,107","1,399","822","826","536","196","43","2","10,712","10,712","289","295","385","542","571","792","693","565","591","584","717","913","981","1,119","742","351","352","178","44","8","0","9,642","9,642","254","323","381","520","352","397","456","464","532","542","593","784","907","988","657","471","474","358","152","35","2"
"강원특별자치도 인제군 (5181000000)","30,692","30,692","910","968","1,063","1,032","1,291","1,958","2,019","1,704","1,741","1,845","2,102","2,430","2,883","3,304","2,175","1,128","1,088","723","246","68","14","16,822","16,822","475","498","553","562","845","1,334","1,263","996","965","1,001","1,234","1,325","1,487","1,810","1,151","545","473","241","51","10","3","13,870","13,870","435","470","510","470","446","624","756","708","776","844","868","1,105","1,396","1,494","1,024","583","615","482","195","58","11"
"강원특별자치도 고성군 (5182000000)","27,196","27,196","577","616","761","816","932","1,223","1,266","1,214","1,338","1,433","1,948","2,529","2,744","3,158","2,374","1,468","1,472","929","296","88","14","13,936","13,936","288","308","402","444","564","749","752","681","725","778","1,073","1,365","1,427","1,626","1,169","655","558","295","61","11","5","13,260","13,260","289","308","359","372","368","474","514","533","613","655","875","1,164","1,317","1,532","1,205","813","914","634","235","77","9"
"강원특별자치도 양양군 (5183000000)","27,350","27,350","438","629","799","883","802","982","996","1,043","1,396","1,693","2,003","2,558","2,744","3,358","2,496","1,685","1,502","890","355","85","13","13,989","13,989","232","319","426","491","464","602","566","552","771","891","1,101","1,401","1,382","1,752","1,219","797","618","304","84","14","3","13,361","13,361","206","310","373","392","338","380","430","491","625","802","902","1,157","1,362","1,606","1,277","888","884","586","271","71","10"
"충청북도  (4300000000)","1,601,367","1,601,367","40,629","50,066","69,429","73,447","72,203","91,996","104,087","91,099","104,412","115,335","126,840","142,981","133,560","139,276","95,852","59,046","45,735","30,322","12,310","2,426","316","816,717","816,717","20,809","25,770","35,437","38,163","39,297","51,520","58,752","49,485","54,714","60,141","65,467","73,088","68,661","70,126","46,689","27,141","18,106","9,930","2,972","402","47","784,650","784,650","19,820","24,296","33,992","35,284","32,906","40,476","45,335","41,614","49,698","55,194","61,373","69,893","64,899","69,150","49,163","31,905","27,629","20,392","9,338","2,024","269"
"충청북도 청주시 (4311000000)","860,215","860,215","26,188","31,010","41,892","42,552","43,782","57,398","67,123","57,262","63,049","66,641","69,372","72,891","62,203","60,324","39,741","24,166","17,843","11,201","4,588","884","105","435,288","435,288","13,341","15,888","21,375","21,873","23,388","31,504","37,351","30,769","32,607","34,285","34,774","36,155","31,027","29,346","18,799","10,851","7,045","3,632","1,119","147","12","424,927","424,927","12,847","15,122","20,517","20,679","20,394","25,894","29,772","26,493","30,442","32,356","34,598","36,736","31,176","30,978","20,942","13,315","10,798","7,569","3,469","737","93"
"충청북도 청주시 상당구 (4311100000)","192,578","192,578","5,245","7,057","9,817","9,591","8,315","10,764","12,514","11,166","13,411","14,911","15,773","17,410","15,552","15,139","10,317","6,318","4,770","3,035","1,208","237","28","95,607","95,607","2,669","3,558","4,996","5,013","4,485","5,754","6,613","5,755","6,747","7,549","7,799","8,540","7,759","7,405","4,945","2,823","1,869","984","302","38","4","96,971","96,971","2,576","3,499","4,821","4,578","3,830","5,010","5,901","5,411","6,664","7,362","7,974","8,870","7,793","7,734","5,372","3,495","2,901","2,051","906","199","24"
"충청북도 청주시 서원구 (4311200000)","187,612","187,612","4,637","5,106","7,759","9,375","11,879","12,488","12,889","10,230","11,357","13,434","15,948","17,560","14,867","15,024","10,040","6,218","4,609","2,821","1,120","223","28","93,500","93,500","2,345","2,684","3,969","4,801","6,237","6,889","7,144","5,494","5,840","6,664","7,788","8,498","7,368","7,235","4,665","2,741","1,846","966","284","40","2","94,112","94,112","2,292","2,422","3,790","4,574","5,642","5,599","5,745","4,736","5,517","6,770","8,160","9,062","7,499","7,789","5,375","3,477","2,763","1,855","836","183","26"
"충청북도 청주시 흥덕구 (4311300000)","294,300","294,300","11,025","12,088","14,278","13,656","14,070","21,975","27,564","23,479","23,574","22,601","23,009","23,503","19,495","17,756","11,044","6,520","4,496","2,721","1,197","221","28","150,323","150,323","5,565","6,173","7,275","7,028","7,584","11,954","15,396","12,587","12,381","11,669","11,559","11,663","9,635","8,630","5,261","2,993","1,780","856","291","40","3","143,977","143,977","5,460","5,915","7,003","6,628","6,486","10,021","12,168","10,892","11,193","10,932","11,450","11,840","9,860","9,126","5,783","3,527","2,716","1,865","906","181","25"
"충청북도 청주시 청원구 (4311400000)","185,725","185,725","5,281","6,759","10,038","9,930","9,518","12,171","14,156","12,387","14,707","15,695","14,642","14,418","12,289","12,405","8,340","5,110","3,968","2,624","1,063","203","21","95,858","95,858","2,762","3,473","5,135","5,031","5,082","6,907","8,198","6,933","7,639","8,403","7,628","7,454","6,265","6,076","3,928","2,294","1,550","826","242","29","3","89,867","89,867","2,519","3,286","4,903","4,899","4,436","5,264","5,958","5,454","7,068","7,292","7,014","6,964","6,024","6,329","4,412","2,816","2,418","1,798","821","174","18"
"충청북도 충주시 (4313000000)","205,691","205,691","4,543","5,831","8,187","9,017","8,747","10,827","11,731","10,747","12,586","14,233","16,337","19,139","18,419","19,714","13,732","8,196","6,801","4,649","1,862","341","52","104,390","104,390","2,380","2,987","4,117","4,745","4,874","6,255","6,807","5,960","6,601","7,300","8,351","9,636","9,405","9,951","6,602","3,685","2,718","1,502","442","58","14","101,301","101,301","2,163","2,844","4,070","4,272","3,873","4,572","4,924","4,787","5,985","6,933","7,986","9,503","9,014","9,763","7,130","4,511","4,083","3,147","1,420","283","38"
"충청북도 제천시 (4315000000)","127,898","127,898","2,433","3,365","4,892","5,922","6,354","6,193","5,982","5,369","6,874","8,000","9,878","12,128","11,890","13,566","10,015","5,912","4,718","3,046","1,083","243","35","64,565","64,565","1,280","1,760","2,497","3,059","3,450","3,521","3,421","2,865","3,603","4,150","5,052","6,229","6,039","6,745","4,973","2,689","1,889","1,029","276","36","2","63,333","63,333","1,153","1,605","2,395","2,863","2,904","2,672","2,561","2,504","3,271","3,850","4,826","5,899","5,851","6,821","5,042","3,223","2,829","2,017","807","207","33"
"충청북도 보은군 (4372000000)","31,549","31,549","397","551","793","988","876","999","944","973","1,253","1,503","2,027","2,887","3,657","4,389","3,255","2,181","1,752","1,335","631","146","12","16,078","16,078","201","289","411","521","490","601","554","528","657","837","1,119","1,596","2,000","2,314","1,642","1,047","675","422","146","26","2","15,471","15,471","196","262","382","467","386","398","390","445","596","666","908","1,291","1,657","2,075","1,613","1,134","1,077","913","485","120","10"
"충청북도 옥천군 (4373000000)","50,730","50,730","699","941","1,562","1,936","1,759","2,049","1,817","1,688","2,283","2,978","3,785","4,908","5,275","6,225","4,743","3,144","2,393","1,616","758","150","21","25,813","25,813","341","506","805","1,030","1,016","1,148","1,009","908","1,169","1,571","2,019","2,580","2,871","3,225","2,395","1,535","927","526","190","36","6","24,917","24,917","358","435","757","906","743","901","808","780","1,114","1,407","1,766","2,328","2,404","3,000","2,348","1,609","1,466","1,090","568","114","15"
"충청북도 영동군 (4374000000)","43,089","43,089","542","709","1,185","1,488","1,388","1,463","1,397","1,238","1,618","2,148","3,117","4,165","4,759","5,721","4,227","2,982","2,508","1,639","661","118","16","21,792","21,792","290","356","595","799","747","842","800","661","883","1,137","1,728","2,290","2,496","2,973","2,150","1,350","976","528","173","16","2","21,297","21,297","252","353","590","689","641","621","597","577","735","1,011","1,389","1,875","2,263","2,748","2,077","1,632","1,532","1,111","488","102","14"
"충청북도 증평군 (4374500000)","36,777","36,777","928","1,197","1,702","1,709","1,426","2,076","2,406","2,059","2,483","2,749","2,866","3,306","3,030","3,142","2,238","1,380","1,054","689","283","47","7","19,190","19,190","467","618","870","898","854","1,225","1,379","1,131","1,375","1,479","1,553","1,748","1,559","1,608","1,071","645","411","226","62","9","2","17,587","17,587","461","579","832","811","572","851","1,027","928","1,108","1,270","1,313","1,558","1,471","1,534","1,167","735","643","463","221","38","5"
"충청북도 진천군 (4375000000)","85,649","85,649","2,365","3,160","4,224","4,181","2,999","4,229","5,352","5,287","6,457","7,174","7,092","7,580","6,915","6,809","4,509","2,727","2,123","1,642","680","125","19","45,340","45,340","1,234","1,650","2,152","2,186","1,734","2,435","3,122","2,960","3,488","3,909","3,946","4,119","3,808","3,562","2,225","1,291","811","549","143","14","2","40,309","40,309","1,131","1,510","2,072","1,995","1,265","1,794","2,230","2,327","2,969","3,265","3,146","3,461","3,107","3,247","2,284","1,436","1,312","1,093","537","111","17"
"충청북도 괴산군 (4376000000)","37,174","37,174","415","578","794","925","986","1,066","1,041","1,042","1,344","1,716","2,402","3,697","4,698","5,576","4,065","2,581","2,060","1,479","583","112","14","19,291","19,291","212","307","406","470","569","648","593","581","734","961","1,391","1,993","2,506","3,045","2,107","1,297","809","507","135","19","1","17,883","17,883","203","271","388","455","417","418","448","461","610","755","1,011","1,704","2,192","2,531","1,958","1,284","1,251","972","448","93","13"
"충청북도 음성군 (4377000000)","96,114","96,114","1,851","2,298","3,514","3,926","3,196","4,911","5,511","4,661","5,480","6,876","8,150","9,632","9,515","9,811","6,604","3,915","3,080","2,098","865","192","28","51,412","51,412","935","1,190","1,844","2,148","1,769","2,884","3,267","2,695","3,067","3,796","4,544","5,295","5,222","5,298","3,335","1,890","1,292","694","212","31","4","44,702","44,702","916","1,108","1,670","1,778","1,427","2,027","2,244","1,966","2,413","3,080","3,606","4,337","4,293","4,513","3,269","2,025","1,788","1,404","653","161","24"
"충청북도 단양군 (4380000000)","26,481","26,481","268","426","684","803","690","785","783","773","985","1,317","1,814","2,648","3,199","3,999","2,723","1,862","1,403","928","316","68","7","13,558","13,558","128","219","365","434","406","457","449","427","530","716","990","1,447","1,728","2,059","1,390","861","553","315","74","10","0","12,923","12,923","140","207","319","369","284","328","334","346","455","601","824","1,201","1,471","1,940","1,333","1,001","850","613","242","58","7"
"충청남도  (4400000000)","2,138,938","2,138,938","52,167","69,993","99,130","103,259","93,970","113,639","128,513","123,923","147,572","163,870","170,883","182,741","168,292","174,772","123,484","89,136","63,840","44,909","20,341","4,022","482","1,098,834","1,098,834","26,743","35,883","50,826","53,590","50,737","63,989","71,967","66,958","78,544","87,764","90,876","96,619","88,079","88,268","60,001","41,583","25,637","14,728","5,221","744","77","1,040,104","1,040,104","25,424","34,110","48,304","49,669","43,233","49,650","56,546","56,965","69,028","76,106","80,007","86,122","80,213","86,504","63,483","47,553","38,203","30,181","15,120","3,278","405"
"충청남도 천안시 (4413000000)","666,584","666,584","18,388","23,817","33,375","34,690","37,536","46,526","51,753","46,799","52,781","55,991","55,557","56,277","46,793","41,945","25,731","16,520","11,094","7,315","3,042","592","62","341,935","341,935","9,394","12,266","17,028","17,777","19,454","25,393","28,477","25,120","27,956","29,521","28,285","28,581","23,981","21,071","12,415","7,547","4,454","2,383","725","99","8","324,649","324,649","8,994","11,551","16,347","16,913","18,082","21,133","23,276","21,679","24,825","26,470","27,272","27,696","22,812","20,874","13,316","8,973","6,640","4,932","2,317","493","54"
"충청남도 천안시 동남구 (4413100000)","263,872","263,872","6,315","7,798","11,524","13,480","15,422","16,902","17,879","15,371","17,807","20,827","22,482","23,678","21,121","20,326","13,004","8,449","5,723","3,784","1,625","319","36","133,707","133,707","3,183","4,023","5,904","6,854","7,901","9,187","9,698","8,369","9,303","10,758","11,470","11,969","10,691","10,162","6,294","3,893","2,328","1,278","380","57","5","130,165","130,165","3,132","3,775","5,620","6,626","7,521","7,715","8,181","7,002","8,504","10,069","11,012","11,709","10,430","10,164","6,710","4,556","3,395","2,506","1,245","262","31"
"충청남도 천안시 서북구 (4413300000)","402,712","402,712","12,073","16,019","21,851","21,210","22,114","29,624","33,874","31,428","34,974","35,164","33,075","32,599","25,672","21,619","12,727","8,071","5,371","3,531","1,417","273","26","208,228","208,228","6,211","8,243","11,124","10,923","11,553","16,206","18,779","16,751","18,653","18,763","16,815","16,612","13,290","10,909","6,121","3,654","2,126","1,105","345","42","3","194,484","194,484","5,862","7,776","10,727","10,287","10,561","13,418","15,095","14,677","16,321","16,401","16,260","15,987","12,382","10,710","6,606","4,417","3,245","2,426","1,072","231","23"
"충청남도 공주시 (4415000000)","99,481","99,481","1,436","1,959","3,232","4,517","5,754","4,205","4,115","3,798","4,786","5,962","7,152","8,991","9,442","11,009","8,181","5,831","4,232","3,092","1,445","301","41","49,666","49,666","768","1,009","1,688","2,322","2,593","2,401","2,377","2,033","2,504","3,116","3,747","4,679","4,847","5,532","4,038","2,846","1,659","1,046","381","70","10","49,815","49,815","668","950","1,544","2,195","3,161","1,804","1,738","1,765","2,282","2,846","3,405","4,312","4,595","5,477","4,143","2,985","2,573","2,046","1,064","231","31"
"충청남도 보령시 (4418000000)","91,035","91,035","1,540","2,169","3,178","3,658","2,987","3,685","3,855","3,507","4,824","5,987","7,256","8,361","8,484","9,905","7,573","5,831","4,053","2,722","1,175","244","41","46,168","46,168","797","1,100","1,616","1,898","1,715","2,109","2,211","1,933","2,587","3,305","3,937","4,470","4,460","4,946","3,570","2,642","1,631","921","278","36","6","44,867","44,867","743","1,069","1,562","1,760","1,272","1,576","1,644","1,574","2,237","2,682","3,319","3,891","4,024","4,959","4,003","3,189","2,422","1,801","897","208","35"
"충청남도 아산시 (4420000000)","365,299","365,299","12,207","16,151","21,449","19,988","16,473","20,963","26,153","26,944","31,929","33,250","29,341","27,938","22,944","21,371","14,342","9,870","6,973","4,613","1,949","414","37","190,549","190,549","6,203","8,297","11,035","10,316","9,026","11,805","14,358","14,294","16,998","18,129","15,833","14,947","12,218","10,853","6,885","4,421","2,797","1,551","501","75","7","174,750","174,750","6,004","7,854","10,414","9,672","7,447","9,158","11,795","12,650","14,931","15,121","13,508","12,991","10,726","10,518","7,457","5,449","4,176","3,062","1,448","339","30"
"충청남도 서산시 (4421000000)","170,780","170,780","4,231","5,661","8,220","8,340","6,391","8,490","9,650","9,550","11,251","13,348","14,306","15,333","13,731","13,955","9,649","7,372","5,282","3,689","1,913","373","45","89,436","89,436","2,193","2,898","4,195","4,418","3,803","5,188","5,807","5,372","6,032","7,116","7,643","8,218","7,204","7,059","4,705","3,564","2,216","1,224","512","64","5","81,344","81,344","2,038","2,763","4,025","3,922","2,588","3,302","3,843","4,178","5,219","6,232","6,663","7,115","6,527","6,896","4,944","3,808","3,066","2,465","1,401","309","40"
"충청남도 논산시 (4423000000)","105,655","105,655","1,804","2,683","3,816","4,294","3,569","4,533","4,698","4,258","5,350","6,490","8,102","9,572","9,837","11,419","8,753","6,363","4,763","3,433","1,587","293","38","53,087","53,087","970","1,362","1,958","2,251","1,992","2,559","2,647","2,290","2,777","3,408","4,403","5,078","5,102","5,765","4,263","2,919","1,873","1,040","366","58","6","52,568","52,568","834","1,321","1,858","2,043","1,577","1,974","2,051","1,968","2,573","3,082","3,699","4,494","4,735","5,654","4,490","3,444","2,890","2,393","1,221","235","32"
"충청남도 계룡시 (4425000000)","45,937","45,937","1,286","1,912","2,879","3,094","2,223","2,105","2,493","2,771","3,562","4,192","4,296","4,042","3,188","3,062","2,039","1,228","758","513","235","54","5","22,823","22,823","664","969","1,467","1,633","1,264","1,172","1,304","1,412","1,767","2,018","2,146","1,921","1,581","1,421","973","593","304","149","56","7","2","23,114","23,114","622","943","1,412","1,461","959","933","1,189","1,359","1,795","2,174","2,150","2,121","1,607","1,641","1,066","635","454","364","179","47","3"
"충청남도 당진시 (4427000000)","172,423","172,423","4,644","6,300","8,652","8,301","5,633","8,063","9,768","10,580","13,136","14,274","14,193","14,857","13,505","13,614","9,336","6,976","5,006","3,633","1,619","297","36","92,794","92,794","2,351","3,228","4,401","4,405","3,293","4,810","5,771","6,108","7,369","8,072","8,080","8,451","7,508","7,163","4,600","3,356","2,091","1,222","445","64","6","79,629","79,629","2,293","3,072","4,251","3,896","2,340","3,253","3,997","4,472","5,767","6,202","6,113","6,406","5,997","6,451","4,736","3,620","2,915","2,411","1,174","233","30"
"충청남도 금산군 (4471000000)","48,749","48,749","578","857","1,634","2,238","1,610","1,451","1,434","1,460","2,061","2,689","3,621","4,709","5,114","6,053","4,559","3,344","2,580","1,849","763","127","18","24,814","24,814","303","416","871","1,185","918","855","804","758","1,083","1,399","2,019","2,581","2,800","3,119","2,327","1,583","1,006","553","199","33","2","23,935","23,935","275","441","763","1,053","692","596","630","702","978","1,290","1,602","2,128","2,314","2,934","2,232","1,761","1,574","1,296","564","94","16"
"충청남도 부여군 (4476000000)","57,591","57,591","573","933","1,753","1,942","1,690","1,723","1,718","1,648","2,281","2,979","3,913","5,071","5,626","7,478","5,961","4,556","3,499","2,672","1,257","280","38","28,715","28,715","307","490","929","1,052","923","1,001","969","866","1,249","1,618","2,168","2,721","2,904","3,806","2,931","2,089","1,412","885","333","56","6","28,876","28,876","266","443","824","890","767","722","749","782","1,032","1,361","1,745","2,350","2,722","3,672","3,030","2,467","2,087","1,787","924","224","32"
"충청남도 서천군 (4477000000)","46,589","46,589","507","790","1,291","1,465","1,263","1,404","1,357","1,324","1,788","2,373","3,214","4,156","4,607","5,758","4,854","3,994","2,914","2,249","1,037","223","21","23,232","23,232","263","400","653","761","731","800","788","723","1,001","1,300","1,752","2,278","2,495","2,899","2,316","1,869","1,138","744","284","35","2","23,357","23,357","244","390","638","704","532","604","569","601","787","1,073","1,462","1,878","2,112","2,859","2,538","2,125","1,776","1,505","753","188","19"
"충청남도 청양군 (4479000000)","30,010","30,010","355","447","729","1,135","1,123","1,066","881","867","1,141","1,370","1,968","2,680","3,218","3,899","2,966","2,244","1,717","1,392","679","122","11","15,456","15,456","166","234","382","611","684","630","525","463","617","818","1,132","1,511","1,713","2,024","1,526","1,078","675","439","203","21","4","14,554","14,554","189","213","347","524","439","436","356","404","524","552","836","1,169","1,505","1,875","1,440","1,166","1,042","953","476","101","7"
"충청남도 홍성군 (4480000000)","101,814","101,814","2,489","3,509","4,698","4,846","3,635","4,543","5,446","5,295","6,288","7,064","7,892","8,452","8,242","9,042","6,895","5,253","3,774","2,811","1,349","265","26","50,985","50,985","1,267","1,803","2,428","2,466","2,022","2,449","2,997","2,804","3,175","3,625","4,159","4,520","4,202","4,549","3,311","2,425","1,466","892","377","46","2","50,829","50,829","1,222","1,706","2,270","2,380","1,613","2,094","2,449","2,491","3,113","3,439","3,733","3,932","4,040","4,493","3,584","2,828","2,308","1,919","972","219","24"
"충청남도 예산군 (4481000000)","78,133","78,133","1,430","1,705","2,527","2,829","2,404","2,854","3,210","3,271","3,767","4,482","5,787","6,913","7,487","8,868","7,015","5,248","3,856","2,915","1,273","254","38","39,314","39,314","737","847","1,334","1,490","1,336","1,628","1,725","1,763","2,040","2,391","3,175","3,749","3,920","4,401","3,433","2,448","1,508","1,003","331","49","6","38,819","38,819","693","858","1,193","1,339","1,068","1,226","1,485","1,508","1,727","2,091","2,612","3,164","3,567","4,467","3,582","2,800","2,348","1,912","942","205","32"
"충청남도 태안군 (4482500000)","58,858","58,858","699","1,100","1,697","1,922","1,679","2,028","1,982","1,851","2,627","3,419","4,285","5,389","6,074","7,394","5,630","4,506","3,339","2,011","1,018","183","25","29,860","29,860","360","564","841","1,005","983","1,189","1,207","1,019","1,389","1,928","2,397","2,914","3,144","3,660","2,708","2,203","1,407","676","230","31","5","28,998","28,998","339","536","856","917","696","839","775","832","1,238","1,491","1,888","2,475","2,930","3,734","2,922","2,303","1,932","1,335","788","152","20"
"전북특별자치도  (5200000000)","1,716,965","1,716,965","35,656","48,652","74,589","82,871","78,427","88,478","91,571","81,679","100,781","121,313","140,967","154,766","144,217","150,344","109,218","87,583","62,515","41,313","17,772","3,769","484","855,796","855,796","18,123","24,916","38,376","42,884","42,563","48,100","48,894","42,485","51,270","62,072","72,697","80,470","74,305","74,298","52,300","39,522","24,183","13,210","4,415","656","57","861,169","861,169","17,533","23,736","36,213","39,987","35,864","40,378","42,677","39,194","49,511","59,241","68,270","74,296","69,912","76,046","56,918","48,061","38,332","28,103","13,357","3,113","427"
"전북특별자치도 전주시 (5211000000)","618,908","618,908","14,105","20,920","31,610","33,745","34,674","39,325","39,281","34,952","41,574","48,384","52,914","53,846","45,705","43,560","30,771","23,784","15,724","9,387","3,745","809","93","303,444","303,444","7,154","10,740","16,129","17,339","18,306","20,639","20,703","17,906","20,584","23,709","25,832","26,656","22,084","20,306","14,114","10,378","6,357","3,297","1,037","163","11","315,464","315,464","6,951","10,180","15,481","16,406","16,368","18,686","18,578","17,046","20,990","24,675","27,082","27,190","23,621","23,254","16,657","13,406","9,367","6,090","2,708","646","82"
"전북특별자치도 전주시 완산구 (5211100000)","312,490","312,490","5,924","9,244","14,445","16,253","17,031","20,434","19,900","16,443","19,482","23,182","26,877","28,531","24,834","23,917","17,039","12,938","8,402","5,008","2,083","469","54","151,342","151,342","3,028","4,756","7,414","8,337","8,982","10,555","10,484","8,455","9,575","11,199","12,740","13,835","11,797","10,976","7,818","5,675","3,353","1,725","548","84","6","161,148","161,148","2,896","4,488","7,031","7,916","8,049","9,879","9,416","7,988","9,907","11,983","14,137","14,696","13,037","12,941","9,221","7,263","5,049","3,283","1,535","385","48"
"전북특별자치도 전주시 덕진구 (5211300000)","306,418","306,418","8,181","11,676","17,165","17,492","17,643","18,891","19,381","18,509","22,092","25,202","26,037","25,315","20,871","19,643","13,732","10,846","7,322","4,379","1,662","340","39","152,102","152,102","4,126","5,984","8,715","9,002","9,324","10,084","10,219","9,451","11,009","12,510","13,092","12,821","10,287","9,330","6,296","4,703","3,004","1,572","489","79","5","154,316","154,316","4,055","5,692","8,450","8,490","8,319","8,807","9,162","9,058","11,083","12,692","12,945","12,494","10,584","10,313","7,436","6,143","4,318","2,807","1,173","261","34"
"전북특별자치도 군산시 (5213000000)","255,517","255,517","5,488","7,799","12,347","12,608","10,743","12,655","13,418","12,515","17,003","20,207","22,422","23,098","20,512","21,673","15,765","12,272","8,037","4,613","1,892","395","55","129,690","129,690","2,763","3,930","6,318","6,530","5,987","7,140","7,385","6,565","8,752","10,638","11,752","12,189","10,701","10,560","7,581","5,584","3,215","1,533","510","53","4","125,827","125,827","2,725","3,869","6,029","6,078","4,756","5,515","6,033","5,950","8,251","9,569","10,670","10,909","9,811","11,113","8,184","6,688","4,822","3,080","1,382","342","51"
"전북특별자치도 익산시 (5214000000)","266,639","266,639","5,256","7,143","11,210","13,163","13,489","14,535","14,990","12,552","15,194","18,514","22,218","24,824","22,925","23,614","16,838","12,867","8,879","5,491","2,358","524","55","132,589","132,589","2,644","3,624","5,795","6,660","7,211","7,984","8,081","6,702","7,741","9,461","11,266","12,525","11,648","11,564","7,998","5,862","3,503","1,656","569","90","5","134,050","134,050","2,612","3,519","5,415","6,503","6,278","6,551","6,909","5,850","7,453","9,053","10,952","12,299","11,277","12,050","8,840","7,005","5,376","3,835","1,789","434","50"
"전북특별자치도 정읍시 (5218000000)","100,580","100,580","1,688","2,358","3,636","4,340","3,675","4,195","4,180","3,810","4,801","6,464","8,149","9,508","9,344","10,117","7,350","6,419","4,977","3,572","1,632","327","38","50,293","50,293","890","1,220","1,885","2,284","2,141","2,290","2,262","2,030","2,507","3,320","4,325","5,145","5,013","5,228","3,413","2,915","1,824","1,160","378","58","5","50,287","50,287","798","1,138","1,751","2,056","1,534","1,905","1,918","1,780","2,294","3,144","3,824","4,363","4,331","4,889","3,937","3,504","3,153","2,412","1,254","269","33"
"전북특별자치도 남원시 (5219000000)","73,604","73,604","1,291","1,818","2,682","3,182","2,498","2,756","2,777","2,641","3,397","4,485","5,966","7,102","6,802","7,473","5,807","4,910","3,672","2,777","1,241","284","43","36,214","36,214","644","951","1,415","1,695","1,425","1,500","1,494","1,357","1,730","2,236","3,103","3,750","3,645","3,743","2,833","2,176","1,307","879","274","51","6","37,390","37,390","647","867","1,267","1,487","1,073","1,256","1,283","1,284","1,667","2,249","2,863","3,352","3,157","3,730","2,974","2,734","2,365","1,898","967","233","37"
"전북특별자치도 김제시 (5221000000)","81,585","81,585","1,916","1,589","2,469","3,033","2,765","3,324","3,777","3,237","3,841","4,652","5,947","7,180","7,714","8,716","6,555","5,676","4,266","3,039","1,518","331","40","40,946","40,946","971","815","1,310","1,533","1,517","1,895","1,989","1,704","2,066","2,585","3,313","4,018","4,130","4,461","3,212","2,554","1,582","882","341","60","8","40,639","40,639","945","774","1,159","1,500","1,248","1,429","1,788","1,533","1,775","2,067","2,634","3,162","3,584","4,255","3,343","3,122","2,684","2,157","1,177","271","32"
"전북특별자치도 완주군 (5271000000)","100,642","100,642","2,708","2,889","4,263","4,402","3,831","4,714","6,143","5,297","6,057","6,935","7,900","8,948","8,777","9,058","6,598","4,925","3,503","2,357","1,056","247","34","51,729","51,729","1,429","1,447","2,160","2,321","2,170","2,603","3,212","2,757","3,162","3,627","4,323","4,838","4,756","4,699","3,397","2,397","1,385","739","266","38","3","48,913","48,913","1,279","1,442","2,103","2,081","1,661","2,111","2,931","2,540","2,895","3,308","3,577","4,110","4,021","4,359","3,201","2,528","2,118","1,618","790","209","31"
"전북특별자치도 진안군 (5272000000)","24,930","24,930","401","430","612","855","801","800","766","671","906","1,172","1,690","2,397","2,814","3,220","2,300","1,904","1,472","1,119","481","99","20","12,742","12,742","210","229","277","464","449","451","383","332","446","673","963","1,336","1,546","1,787","1,194","907","603","349","123","18","2","12,188","12,188","191","201","335","391","352","349","383","339","460","499","727","1,061","1,268","1,433","1,106","997","869","770","358","81","18"
"전북특별자치도 무주군 (5273000000)","23,455","23,455","284","390","688","951","769","762","845","702","964","1,277","1,729","2,219","2,459","2,790","2,101","1,551","1,348","1,072","459","78","17","11,842","11,842","141","193","384","470","405","443","461","381","528","685","989","1,232","1,329","1,490","1,062","681","490","341","122","12","3","11,613","11,613","143","197","304","481","364","319","384","321","436","592","740","987","1,130","1,300","1,039","870","858","731","337","66","14"
"전북특별자치도 장수군 (5274000000)","21,184","21,184","307","373","605","816","644","702","640","634","836","1,163","1,455","1,980","2,217","2,539","2,024","1,571","1,203","938","448","78","11","10,711","10,711","146","203","317","423","360","392","354","306","457","682","812","1,096","1,249","1,312","1,016","754","436","259","120","14","3","10,473","10,473","161","170","288","393","284","310","286","328","379","481","643","884","968","1,227","1,008","817","767","679","328","64","8"
"전북특별자치도 임실군 (5275000000)","25,290","25,290","440","489","623","732","634","777","861","762","959","1,213","1,552","2,338","2,685","3,107","2,327","2,093","1,632","1,348","571","129","18","13,136","13,136","229","259","324","403","375","456","461","416","528","736","915","1,327","1,538","1,736","1,251","955","629","419","147","30","2","12,154","12,154","211","230","299","329","259","321","400","346","431","477","637","1,011","1,147","1,371","1,076","1,138","1,003","929","424","99","16"
"전북특별자치도 순창군 (5277000000)","27,654","27,654","408","619","862","1,123","1,062","933","852","845","1,179","1,580","2,088","2,526","2,707","3,154","2,247","1,888","1,666","1,276","519","106","14","13,739","13,739","210","312","468","568","584","521","448","414","594","826","1,182","1,424","1,460","1,703","1,100","845","561","368","132","18","1","13,915","13,915","198","307","394","555","478","412","404","431","585","754","906","1,102","1,247","1,451","1,147","1,043","1,105","908","387","88","13"
"전북특별자치도 고창군 (5279000000)","50,025","50,025","694","975","1,528","2,313","1,395","1,553","1,570","1,568","2,062","2,614","3,482","4,520","4,785","5,799","4,362","3,973","3,278","2,322","1,003","195","34","25,170","25,170","339","525","823","1,360","787","939","844","803","1,125","1,435","1,991","2,545","2,605","2,941","2,097","1,828","1,238","702","218","22","3","24,855","24,855","355","450","705","953","608","614","726","765","937","1,179","1,491","1,975","2,180","2,858","2,265","2,145","2,040","1,620","785","173","31"
"전북특별자치도 부안군 (5280000000)","46,952","46,952","670","860","1,454","1,608","1,447","1,447","1,471","1,493","2,008","2,653","3,455","4,280","4,771","5,524","4,173","3,750","2,858","2,002","849","167","12","23,551","23,551","353","468","771","834","846","847","817","812","1,050","1,459","1,931","2,389","2,601","2,768","2,032","1,686","1,053","626","178","29","1","23,401","23,401","317","392","683","774","601","600","654","681","958","1,194","1,524","1,891","2,170","2,756","2,141","2,064","1,805","1,376","671","138","11"
"경상북도  (4700000000)","2,492,677","2,492,677","51,941","70,461","104,036","110,035","96,656","115,101","128,335","122,574","150,841","175,980","199,077","228,762","226,677","238,011","177,063","122,153","85,404","59,765","24,452","4,764","589","1,262,786","1,262,786","26,770","36,151","53,860","58,053","54,980","66,400","72,418","66,500","78,836","92,179","103,317","118,268","117,085","119,517","84,905","56,075","32,537","18,350","5,723","779","83","1,229,891","1,229,891","25,171","34,310","50,176","51,982","41,676","48,701","55,917","56,074","72,005","83,801","95,760","110,494","109,592","118,494","92,158","66,078","52,867","41,415","18,729","3,985","506"
"경상북도 포항시 (4711000000)","486,930","486,930","11,716","15,602","23,454","22,455","17,218","24,770","28,521","26,127","32,574","36,990","39,158","44,092","42,425","44,836","33,283","20,595","12,481","7,369","2,658","545","61","246,593","246,593","6,112","8,070","12,215","11,729","9,947","14,266","16,364","14,148","16,730","18,922","19,591","22,172","21,017","21,427","16,040","9,720","5,043","2,395","588","88","9","240,337","240,337","5,604","7,532","11,239","10,726","7,271","10,504","12,157","11,979","15,844","18,068","19,567","21,920","21,408","23,409","17,243","10,875","7,438","4,974","2,070","457","52"
"경상북도 포항시 남구 (4711100000)","211,051","211,051","3,941","6,257","10,215","9,671","7,606","11,255","11,241","10,308","13,969","16,480","17,210","19,344","18,366","20,046","15,338","9,517","5,712","3,217","1,112","223","23","109,393","109,393","2,072","3,237","5,295","5,102","4,533","6,882","6,799","5,664","7,276","8,727","8,973","10,213","9,339","9,631","7,438","4,511","2,366","1,061","241","31","2","101,658","101,658","1,869","3,020","4,920","4,569","3,073","4,373","4,442","4,644","6,693","7,753","8,237","9,131","9,027","10,415","7,900","5,006","3,346","2,156","871","192","21"
"경상북도 포항시 북구 (4711300000)","275,879","275,879","7,775","9,345","13,239","12,784","9,612","13,515","17,280","15,819","18,605","20,510","21,948","24,748","24,059","24,790","17,945","11,078","6,769","4,152","1,546","322","38","137,200","137,200","4,040","4,833","6,920","6,627","5,414","7,384","9,565","8,484","9,454","10,195","10,618","11,959","11,678","11,796","8,602","5,209","2,677","1,334","347","57","7","138,679","138,679","3,735","4,512","6,319","6,157","4,198","6,131","7,715","7,335","9,151","10,315","11,330","12,789","12,381","12,994","9,343","5,869","4,092","2,818","1,199","265","31"
"경상북도 경주시 (4713000000)","242,512","242,512","4,810","6,205","8,902","9,593","8,722","10,796","11,869","11,230","13,303","16,254","20,206","23,897","23,978","24,184","18,079","12,841","8,921","5,847","2,393","434","48","121,510","121,510","2,496","3,192","4,544","5,049","4,914","6,038","6,650","6,040","6,933","8,546","10,326","12,269","12,332","12,077","8,524","5,821","3,431","1,709","542","66","11","121,002","121,002","2,314","3,013","4,358","4,544","3,808","4,758","5,219","5,190","6,370","7,708","9,880","11,628","11,646","12,107","9,555","7,020","5,490","4,138","1,851","368","37"
"경상북도 김천시 (4715000000)","132,433","132,433","2,998","3,883","5,608","6,328","4,507","5,529","6,576","6,263","7,709","9,125","10,011","11,920","11,990","12,875","9,908","6,840","4,766","3,679","1,550","332","36","66,801","66,801","1,551","2,028","2,900","3,589","2,576","3,142","3,680","3,357","3,973","4,832","5,187","6,144","6,204","6,520","4,673","3,117","1,779","1,096","379","71","3","65,632","65,632","1,447","1,855","2,708","2,739","1,931","2,387","2,896","2,906","3,736","4,293","4,824","5,776","5,786","6,355","5,235","3,723","2,987","2,583","1,171","261","33"
"경상북도 안동시 (4717000000)","151,343","151,343","2,948","3,996","5,933","7,013","7,533","7,208","7,382","6,584","8,089","9,904","11,841","13,248","12,830","14,742","11,352","8,113","6,180","4,308","1,736","353","50","75,058","75,058","1,529","2,076","3,115","3,695","4,075","3,864","4,102","3,487","4,087","5,066","6,184","6,838","6,481","7,303","5,183","3,740","2,361","1,379","418","67","8","76,285","76,285","1,419","1,920","2,818","3,318","3,458","3,344","3,280","3,097","4,002","4,838","5,657","6,410","6,349","7,439","6,169","4,373","3,819","2,929","1,318","286","42"
"경상북도 구미시 (4719000000)","402,596","402,596","10,445","15,706","22,701","21,999","18,449","23,851","28,847","28,103","33,643","35,652","35,029","36,708","30,624","25,550","15,249","8,733","5,576","3,718","1,638","326","49","208,387","208,387","5,336","8,025","11,704","11,619","10,839","14,164","16,014","15,353","17,563","18,354","17,351","18,211","15,866","13,028","7,453","3,964","2,051","1,064","363","60","5","194,209","194,209","5,109","7,681","10,997","10,380","7,610","9,687","12,833","12,750","16,080","17,298","17,678","18,497","14,758","12,522","7,796","4,769","3,525","2,654","1,275","266","44"
"경상북도 영주시 (4721000000)","96,237","96,237","1,611","2,298","3,639","4,766","3,606","3,867","3,751","3,628","4,622","6,025","7,525","8,788","8,701","10,206","8,332","5,911","4,291","3,115","1,254","266","35","47,888","47,888","812","1,189","1,904","2,624","2,102","2,237","2,105","2,009","2,363","3,102","3,889","4,592","4,424","4,962","3,816","2,694","1,652","1,030","324","53","5","48,349","48,349","799","1,109","1,735","2,142","1,504","1,630","1,646","1,619","2,259","2,923","3,636","4,196","4,277","5,244","4,516","3,217","2,639","2,085","930","213","30"
"경상북도 영천시 (4723000000)","93,605","93,605","1,858","2,068","2,707","3,252","2,545","3,259","3,822","3,729","4,540","5,216","7,032","8,959","9,820","10,802","8,529","6,465","4,536","3,028","1,216","210","12","47,848","47,848","957","1,070","1,396","1,751","1,489","1,932","2,168","1,947","2,516","2,892","3,893","4,780","5,280","5,584","4,167","3,038","1,709","956","290","31","2","45,757","45,757","901","998","1,311","1,501","1,056","1,327","1,654","1,782","2,024","2,324","3,139","4,179","4,540","5,218","4,362","3,427","2,827","2,072","926","179","10"
"경상북도 상주시 (4725000000)","88,920","88,920","1,388","1,848","2,976","3,784","2,710","2,950","2,824","2,991","4,011","4,911","6,357","7,834","9,014","10,641","8,256","6,170","4,639","3,683","1,572","313","48","44,047","44,047","735","942","1,605","2,043","1,611","1,661","1,593","1,576","2,136","2,635","3,342","4,191","4,727","5,384","3,927","2,777","1,690","1,040","391","36","5","44,873","44,873","653","906","1,371","1,741","1,099","1,289","1,231","1,415","1,875","2,276","3,015","3,643","4,287","5,257","4,329","3,393","2,949","2,643","1,181","277","43"
"경상북도 문경시 (4728000000)","64,657","64,657","928","1,406","2,199","2,563","1,934","2,309","2,168","2,176","2,968","3,702","4,730","5,754","6,482","7,620","6,117","4,495","3,368","2,517","998","195","28","31,838","31,838","486","717","1,149","1,369","1,103","1,308","1,203","1,170","1,530","1,952","2,532","3,025","3,337","3,818","2,894","2,008","1,236","776","193","29","3","32,819","32,819","442","689","1,050","1,194","831","1,001","965","1,006","1,438","1,750","2,198","2,729","3,145","3,802","3,223","2,487","2,132","1,741","805","166","25"
"경상북도 경산시 (4729000000)","263,020","263,020","6,003","7,626","11,131","12,041","17,252","15,603","15,785","14,387","16,494","19,275","21,885","23,731","21,546","20,951","14,968","10,792","7,007","4,486","1,727","301","29","132,042","132,042","3,040","3,855","5,630","6,044","9,111","8,911","8,756","7,865","8,645","9,891","11,059","11,755","10,788","10,252","6,968","4,769","2,804","1,437","407","47","8","130,978","130,978","2,963","3,771","5,501","5,997","8,141","6,692","7,029","6,522","7,849","9,384","10,826","11,976","10,758","10,699","8,000","6,023","4,203","3,049","1,320","254","21"
"경상북도 의성군 (4773000000)","47,879","47,879","643","613","860","1,157","831","1,031","1,249","1,324","1,666","2,043","2,783","4,129","5,454","6,866","5,734","4,205","3,375","2,585","1,111","200","20","24,107","24,107","338","328","438","682","501","585","714","766","945","1,192","1,648","2,342","2,914","3,622","2,812","1,912","1,272","779","283","32","2","23,772","23,772","305","285","422","475","330","446","535","558","721","851","1,135","1,787","2,540","3,244","2,922","2,293","2,103","1,806","828","168","18"
"경상북도 청송군 (4775000000)","24,560","24,560","335","377","473","542","511","787","853","779","927","1,138","1,589","2,350","2,896","3,252","2,605","1,918","1,541","1,136","446","92","13","12,480","12,480","175","187","241","274","286","458","553","470","529","673","915","1,283","1,562","1,653","1,277","911","554","351","115","12","1","12,080","12,080","160","190","232","268","225","329","300","309","398","465","674","1,067","1,334","1,599","1,328","1,007","987","785","331","80","12"
"경상북도 영양군 (4776000000)","15,956","15,956","146","254","388","482","399","482","477","468","574","774","1,057","1,522","1,866","2,087","1,619","1,179","1,033","781","284","70","14","8,061","8,061","65","142","216","249","227","273","283","249","320","449","620","891","1,007","1,071","789","540","360","239","59","12","0","7,895","7,895","81","112","172","233","172","209","194","219","254","325","437","631","859","1,016","830","639","673","542","225","58","14"
"경상북도 영덕군 (4777000000)","32,511","32,511","388","500","805","883","694","810","941","858","1,272","1,614","2,179","3,020","3,561","4,111","3,441","2,684","2,283","1,663","657","135","12","15,674","15,674","205","225","423","466","412","450","547","451","663","850","1,219","1,682","1,877","2,028","1,609","1,156","769","478","142","21","1","16,837","16,837","183","275","382","417","282","360","394","407","609","764","960","1,338","1,684","2,083","1,832","1,528","1,514","1,185","515","114","11"
"경상북도 청도군 (4782000000)","39,988","39,988","506","487","845","1,105","751","872","996","1,088","1,455","1,999","2,562","3,591","4,627","5,754","4,657","3,541","2,326","1,835","819","153","19","20,056","20,056","251","248","443","561","424","498","565","598","775","1,107","1,452","1,919","2,513","3,033","2,315","1,677","904","562","190","18","3","19,932","19,932","255","239","402","544","327","374","431","490","680","892","1,110","1,672","2,114","2,721","2,342","1,864","1,422","1,273","629","135","16"
"경상북도 고령군 (4783000000)","29,429","29,429","378","449","721","867","727","893","925","923","1,198","1,604","2,199","2,898","3,374","3,907","2,972","2,136","1,520","1,151","489","85","13","15,242","15,242","202","232","381","462","428","534","532","492","663","891","1,251","1,654","1,854","2,085","1,552","973","571","346","120","15","4","14,187","14,187","176","217","340","405","299","359","393","431","535","713","948","1,244","1,520","1,822","1,420","1,163","949","805","369","70","9"
"경상북도 성주군 (4784000000)","40,293","40,293","602","589","855","1,072","793","1,011","1,363","1,334","1,682","2,075","2,769","3,826","5,022","5,673","4,271","3,153","1,958","1,474","641","119","11","21,144","21,144","293","289","419","568","492","588","824","774","946","1,262","1,623","2,140","2,730","3,106","2,177","1,502","796","469","128","17","1","19,149","19,149","309","300","436","504","301","423","539","560","736","813","1,146","1,686","2,292","2,567","2,094","1,651","1,162","1,005","513","102","10"
"경상북도 칠곡군 (4785000000)","103,426","103,426","1,465","2,972","5,050","5,168","3,736","4,308","4,528","4,973","7,419","9,443","10,419","10,642","9,299","8,566","5,736","3,868","2,807","1,985","859","156","27","54,519","54,519","727","1,514","2,673","2,709","2,229","2,621","2,645","2,734","4,005","5,111","5,647","5,754","5,112","4,547","2,835","1,818","1,006","589","213","24","6","48,907","48,907","738","1,458","2,377","2,459","1,507","1,687","1,883","2,239","3,414","4,332","4,772","4,888","4,187","4,019","2,901","2,050","1,801","1,396","646","132","21"
"경상북도 예천군 (4790000000)","53,275","53,275","1,449","1,953","2,463","2,219","1,392","1,700","2,224","2,617","3,093","3,525","3,532","3,812","4,381","5,347","4,514","3,240","2,527","2,125","960","183","19","26,393","26,393","740","979","1,255","1,150","837","934","1,158","1,312","1,536","1,827","1,968","2,064","2,252","2,788","2,200","1,474","977","679","237","25","1","26,882","26,882","709","974","1,208","1,069","555","766","1,066","1,305","1,557","1,698","1,564","1,748","2,129","2,559","2,314","1,766","1,550","1,446","723","158","18"
"경상북도 봉화군 (4792000000)","28,041","28,041","276","421","670","935","608","633","661","673","973","1,283","1,801","2,617","3,350","3,964","3,093","2,230","1,694","1,399","627","110","23","14,358","14,358","149","220","363","459","372","374","400","373","529","733","1,094","1,446","1,824","2,098","1,601","1,062","632","445","156","26","2","13,683","13,683","127","201","307","476","236","259","261","300","444","550","707","1,171","1,526","1,866","1,492","1,168","1,062","954","471","84","21"
"경상북도 울진군 (4793000000)","46,319","46,319","940","1,069","1,454","1,604","1,508","2,055","2,157","1,939","2,154","2,839","3,599","4,497","4,475","4,996","3,669","2,539","2,231","1,683","727","165","19","23,797","23,797","518","556","745","858","861","1,294","1,290","1,087","1,158","1,530","2,025","2,534","2,435","2,550","1,740","1,163","807","462","157","25","2","22,522","22,522","422","513","709","746","647","761","867","852","996","1,309","1,574","1,963","2,040","2,446","1,929","1,376","1,424","1,221","570","140","17"
"경상북도 울릉군 (4794000000)","8,747","8,747","108","139","202","207","230","377","416","380","475","589","814","927","962","1,081","679","505","344","198","90","21","3","4,943","4,943","53","67","101","103","144","268","272","242","291","362","501","582","549","581","353","239","133","69","28","4","1","3,804","3,804","55","72","101","104","86","109","144","138","184","227","313","345","413","500","326","266","211","129","62","17","2"
"경상남도  (4800000000)","3,191,645","3,191,645","69,922","100,276","153,031","158,459","125,985","152,276","173,104","168,008","213,668","253,547","272,639","300,591","273,764","279,838","194,584","130,700","86,588","57,303","22,340","4,500","522","1,609,943","1,609,943","35,860","51,730","78,829","82,567","71,283","85,875","94,757","88,811","110,290","130,633","139,886","152,724","139,589","138,840","93,352","59,142","33,223","17,078","4,787","632","55","1,581,702","1,581,702","34,062","48,546","74,202","75,892","54,702","66,401","78,347","79,197","103,378","122,914","132,753","147,867","134,175","140,998","101,232","71,558","53,365","40,225","17,553","3,868","467"
"경상남도 창원시 (4812000000)","985,013","985,013","23,221","31,817","47,213","47,267","40,293","53,827","60,926","57,822","68,869","79,702","82,722","91,803","84,543","83,557","56,840","35,468","21,096","12,504","4,560","878","85","498,147","498,147","11,795","16,350","24,366","24,562","22,753","30,761","33,611","30,801","35,783","41,036","41,700","45,130","41,780","40,781","27,038","16,152","8,569","4,015","1,037","119","8","486,866","486,866","11,426","15,467","22,847","22,705","17,540","23,066","27,315","27,021","33,086","38,666","41,022","46,673","42,763","42,776","29,802","19,316","12,527","8,489","3,523","759","77"
"경상남도 창원시 의창구 (4812100000)","209,833","209,833","5,142","6,801","9,697","9,445","8,619","12,125","13,758","12,466","14,596","16,065","17,198","20,501","19,484","18,232","11,673","6,776","3,844","2,315","894","183","19","106,673","106,673","2,638","3,481","4,901","4,957","4,866","6,906","7,541","6,680","7,578","8,273","8,679","9,818","9,770","9,163","5,700","3,245","1,561","700","189","24","3","103,160","103,160","2,504","3,320","4,796","4,488","3,753","5,219","6,217","5,786","7,018","7,792","8,519","10,683","9,714","9,069","5,973","3,531","2,283","1,615","705","159","16"
"경상남도 창원시 성산구 (4812300000)","244,872","244,872","6,942","8,635","11,793","11,891","10,345","16,647","18,757","17,529","17,449","19,127","20,739","24,572","22,383","18,531","9,591","4,980","2,604","1,592","624","128","13","124,890","124,890","3,504","4,401","6,089","6,211","5,867","9,620","10,366","9,378","9,011","9,574","9,736","11,481","11,000","9,638","4,859","2,444","1,078","484","133","16","0","119,982","119,982","3,438","4,234","5,704","5,680","4,478","7,027","8,391","8,151","8,438","9,553","11,003","13,091","11,383","8,893","4,732","2,536","1,526","1,108","491","112","13"
"경상남도 창원시 마산합포구 (4812500000)","174,168","174,168","3,787","5,191","7,941","7,347","6,691","7,658","9,078","9,054","11,901","13,526","13,133","14,816","14,323","16,836","13,248","9,019","5,730","3,386","1,231","250","22","86,111","86,111","1,905","2,699","4,085","3,792","3,701","4,288","4,836","4,729","6,195","7,176","6,800","7,433","6,939","7,831","6,057","3,992","2,241","1,083","297","31","1","88,057","88,057","1,882","2,492","3,856","3,555","2,990","3,370","4,242","4,325","5,706","6,350","6,333","7,383","7,384","9,005","7,191","5,027","3,489","2,303","934","219","21"
"경상남도 창원시 마산회원구 (4812700000)","173,677","173,677","3,264","4,791","7,517","8,285","6,952","8,167","9,097","8,781","10,923","13,670","14,704","16,653","15,387","16,365","12,360","8,275","4,786","2,679","861","147","13","86,370","86,370","1,670","2,455","3,915","4,331","3,818","4,532","4,914","4,680","5,693","7,001","7,425","8,299","7,524","7,645","5,689","3,609","2,029","923","195","21","2","87,307","87,307","1,594","2,336","3,602","3,954","3,134","3,635","4,183","4,101","5,230","6,669","7,279","8,354","7,863","8,720","6,671","4,666","2,757","1,756","666","126","11"
"경상남도 창원시 진해구 (4812900000)","182,463","182,463","4,086","6,399","10,265","10,299","7,686","9,230","10,236","9,992","14,000","17,314","16,948","15,261","12,966","13,593","9,968","6,418","4,132","2,532","950","170","18","94,103","94,103","2,078","3,314","5,376","5,271","4,501","5,415","5,954","5,334","7,306","9,012","9,060","8,099","6,547","6,504","4,733","2,862","1,660","825","223","27","2","88,360","88,360","2,008","3,085","4,889","5,028","3,185","3,815","4,282","4,658","6,694","8,302","7,888","7,162","6,419","7,089","5,235","3,556","2,472","1,707","727","143","16"
"경상남도 진주시 (4817000000)","334,017","334,017","8,715","11,017","16,183","16,979","18,067","18,811","20,217","18,632","21,627","24,628","27,145","29,482","25,364","26,951","19,053","13,503","9,119","5,758","2,263","448","55","165,038","165,038","4,475","5,714","8,377","8,877","9,996","10,398","10,827","9,758","10,749","12,194","13,495","14,505","12,475","12,733","8,760","5,886","3,552","1,719","473","71","4","168,979","168,979","4,240","5,303","7,806","8,102","8,071","8,413","9,390","8,874","10,878","12,434","13,650","14,977","12,889","14,218","10,293","7,617","5,567","4,039","1,790","377","51"
"경상남도 통영시 (4822000000)","115,975","115,975","1,636","2,870","5,577","6,465","4,430","4,028","4,069","4,585","7,256","9,762","10,534","11,105","10,421","11,825","8,563","5,993","3,682","2,213","790","156","15","58,302","58,302","864","1,438","2,831","3,321","2,542","2,301","2,178","2,354","3,702","5,119","5,744","5,843","5,233","5,740","4,045","2,765","1,426","661","175","17","3","57,673","57,673","772","1,432","2,746","3,144","1,888","1,727","1,891","2,231","3,554","4,643","4,790","5,262","5,188","6,085","4,518","3,228","2,256","1,552","615","139","12"
"경상남도 사천시 (4824000000)","107,796","107,796","2,201","2,927","4,678","5,185","3,801","4,914","5,581","4,891","6,499","8,503","9,378","10,021","8,928","9,689","7,289","5,531","3,893","2,614","1,036","216","21","54,781","54,781","1,122","1,524","2,432","2,712","2,261","2,959","3,331","2,686","3,407","4,393","5,005","5,296","4,684","4,678","3,444","2,426","1,398","774","220","28","1","53,015","53,015","1,079","1,403","2,246","2,473","1,540","1,955","2,250","2,205","3,092","4,110","4,373","4,725","4,244","5,011","3,845","3,105","2,495","1,840","816","188","20"
"경상남도 사천남양출장소 (4824500000)","0","0","0","0","0","0","0","0","0","0","0","0","0","0","0","0","0","0","0","0","0","0","0","0","0","0","0","0","0","0","0","0","0","0","0","0","0","0","0","0","0","0","0","0","0","0","0","0","0","0","0","0","0","0","0","0","0","0","0","0","0","0","0","0","0","0","0","0","0"
"경상남도 김해시 (4825000000)","532,854","532,854","13,610","19,206","28,852","29,577","23,794","28,319","33,667","31,418","38,681","46,412","50,795","53,442","43,294","37,227","22,814","14,550","9,218","5,529","2,022","387","40","269,408","269,408","7,003","9,940","14,642","15,136","13,304","15,530","18,012","16,578","19,812","23,248","25,012","26,846","22,405","18,930","11,034","6,335","3,517","1,617","452","52","3","263,446","263,446","6,607","9,266","14,210","14,441","10,490","12,789","15,655","14,840","18,869","23,164","25,783","26,596","20,889","18,297","11,780","8,215","5,701","3,912","1,570","335","37"
"경상남도 장유출장소 (4825200000)","0","0","0","0","0","0","0","0","0","0","0","0","0","0","0","0","0","0","0","0","0","0","0","0","0","0","0","0","0","0","0","0","0","0","0","0","0","0","0","0","0","0","0","0","0","0","0","0","0","0","0","0","0","0","0","0","0","0","0","0","0","0","0","0","0","0","0","0","0"
"경상남도 밀양시 (4827000000)","98,305","98,305","1,327","2,064","3,149","3,657","2,798","3,439","3,831","3,599","4,813","5,948","7,047","8,997","10,395","12,182","9,494","6,576","4,553","2,976","1,207","229","24","48,828","48,828","669","1,051","1,639","1,936","1,635","2,018","2,264","1,947","2,546","3,154","3,696","4,571","5,253","6,018","4,580","2,974","1,736","853","253","31","4","49,477","49,477","658","1,013","1,510","1,721","1,163","1,421","1,567","1,652","2,267","2,794","3,351","4,426","5,142","6,164","4,914","3,602","2,817","2,123","954","198","20"
"경상남도 거제시 (4831000000)","228,774","228,774","4,542","8,632","14,819","13,832","8,261","9,418","9,951","11,874","20,240","23,351","23,375","22,030","17,431","16,943","10,737","6,260","3,696","2,213","949","194","26","120,356","120,356","2,365","4,477","7,686","7,213","4,920","5,395","5,563","6,098","10,621","12,695","12,645","12,043","9,256","8,605","5,333","3,102","1,453","663","195","25","3","108,418","108,418","2,177","4,155","7,133","6,619","3,341","4,023","4,388","5,776","9,619","10,656","10,730","9,987","8,175","8,338","5,404","3,158","2,243","1,550","754","169","23"
"경상남도 양산시 (4833000000)","361,044","361,044","9,851","14,107","19,506","18,290","13,604","17,163","22,028","22,722","27,851","31,866","31,213","32,337","28,097","27,533","18,712","11,938","7,745","4,544","1,559","345","33","180,922","180,922","5,062","7,268","9,956","9,371","7,377","9,200","11,554","11,819","14,427","16,254","15,866","15,928","14,263","13,406","8,727","5,370","3,164","1,441","405","56","8","180,122","180,122","4,789","6,839","9,550","8,919","6,227","7,963","10,474","10,903","13,424","15,612","15,347","16,409","13,834","14,127","9,985","6,568","4,581","3,103","1,154","289","25"
"경상남도 양산시웅상출장소 (4833200000)","0","0","0","0","0","0","0","0","0","0","0","0","0","0","0","0","0","0","0","0","0","0","0","0","0","0","0","0","0","0","0","0","0","0","0","0","0","0","0","0","0","0","0","0","0","0","0","0","0","0","0","0","0","0","0","0","0","0","0","0","0","0","0","0","0","0","0","0","0"
"경상남도 의령군 (4872000000)","24,518","24,518","261","368","595","698","581","635","685","687","924","1,220","1,631","2,345","2,616","3,367","2,556","1,848","1,512","1,302","555","114","18","12,292","12,292","146","187","339","371","351","395","388","340","477","696","920","1,288","1,461","1,837","1,321","838","493","341","89","12","2","12,226","12,226","115","181","256","327","230","240","297","347","447","524","711","1,057","1,155","1,530","1,235","1,010","1,019","961","466","102","16"
"경상남도 함안군 (4873000000)","56,655","56,655","652","1,236","2,240","2,798","1,713","1,773","1,839","1,852","2,795","4,022","4,619","5,508","5,714","6,600","4,919","3,338","2,343","1,838","699","148","9","29,149","29,149","324","667","1,153","1,431","1,069","1,076","1,100","973","1,398","2,108","2,576","3,076","3,079","3,513","2,496","1,620","824","505","142","18","1","27,506","27,506","328","569","1,087","1,367","644","697","739","879","1,397","1,914","2,043","2,432","2,635","3,087","2,423","1,718","1,519","1,333","557","130","8"
"경상남도 창녕군 (4874000000)","54,173","54,173","640","1,004","1,634","2,074","1,145","1,423","1,695","1,771","2,472","3,013","3,720","5,153","5,958","7,097","5,404","3,910","2,902","2,145","829","171","13","27,268","27,268","349","521","845","1,103","689","850","990","1,030","1,312","1,661","2,078","2,872","3,100","3,639","2,642","1,768","1,038","594","167","19","1","26,905","26,905","291","483","789","971","456","573","705","741","1,160","1,352","1,642","2,281","2,858","3,458","2,762","2,142","1,864","1,551","662","152","12"
"경상남도 고성군 (4882000000)","46,712","46,712","385","753","1,591","2,127","1,208","1,283","1,272","1,241","2,101","2,749","3,453","4,590","4,916","5,838","4,511","3,450","2,430","1,834","815","153","12","23,771","23,771","194","392","821","1,247","703","779","728","704","1,132","1,510","1,922","2,523","2,630","3,008","2,198","1,606","911","561","177","25","0","22,941","22,941","191","361","770","880","505","504","544","537","969","1,239","1,531","2,067","2,286","2,830","2,313","1,844","1,519","1,273","638","128","12"
"경상남도 남해군 (4884000000)","41,073","41,073","380","600","1,153","1,724","1,118","1,190","1,145","1,049","1,484","2,030","2,887","3,745","4,336","5,074","3,938","3,383","2,511","2,093","961","231","41","20,101","20,101","186","303","653","950","645","715","689","568","747","1,058","1,550","2,037","2,268","2,575","1,857","1,540","951","610","173","22","4","20,972","20,972","194","297","500","774","473","475","456","481","737","972","1,337","1,708","2,068","2,499","2,081","1,843","1,560","1,483","788","209","37"
"경상남도 하동군 (4885000000)","39,565","39,565","388","595","913","1,182","887","1,034","1,080","1,006","1,365","1,844","2,833","4,134","4,452","5,403","4,001","3,089","2,401","1,906","817","202","33","19,906","19,906","196","312","482","632","525","623","626","563","714","1,024","1,557","2,286","2,364","2,850","2,043","1,438","885","564","181","38","3","19,659","19,659","192","283","431","550","362","411","454","443","651","820","1,276","1,848","2,088","2,553","1,958","1,651","1,516","1,342","636","164","30"
"경상남도 산청군 (4886000000)","32,628","32,628","294","419","695","963","718","815","797","839","1,042","1,469","2,147","3,396","3,889","4,525","3,542","2,537","2,016","1,657","704","138","26","16,301","16,301","156","198","387","543","403","472","471","444","567","800","1,171","1,798","2,121","2,379","1,835","1,231","726","449","131","17","2","16,327","16,327","138","221","308","420","315","343","326","395","475","669","976","1,598","1,768","2,146","1,707","1,306","1,290","1,208","573","121","24"
"경상남도 함양군 (4887000000)","35,074","35,074","363","691","1,056","1,344","888","994","1,014","955","1,414","1,758","2,452","3,503","3,719","4,313","3,376","2,569","2,062","1,767","670","150","16","17,218","17,218","177","354","558","713","524","580","575","491","718","923","1,375","1,852","2,026","2,201","1,657","1,131","714","509","113","24","3","17,856","17,856","186","337","498","631","364","414","439","464","696","835","1,077","1,651","1,693","2,112","1,719","1,438","1,348","1,258","557","126","13"
"경상남도 거창군 (4888000000)","58,737","58,737","1,095","1,454","2,329","3,235","1,965","2,208","2,287","2,187","2,888","3,491","4,318","5,445","5,411","6,199","4,685","3,451","2,696","2,219","959","186","29","28,930","28,930","585","764","1,191","1,862","1,164","1,250","1,262","1,163","1,423","1,775","2,209","2,853","2,799","3,055","2,249","1,502","948","618","218","38","2","29,807","29,807","510","690","1,138","1,373","801","958","1,025","1,024","1,465","1,716","2,109","2,592","2,612","3,144","2,436","1,949","1,748","1,601","741","148","27"
"경상남도 합천군 (4889000000)","38,732","38,732","361","516","848","1,062","714","1,002","1,020","878","1,347","1,779","2,370","3,555","4,280","5,515","4,150","3,306","2,713","2,191","945","154","26","19,225","19,225","192","270","471","587","422","573","588","494","755","985","1,365","1,977","2,392","2,892","2,093","1,458","918","584","186","20","3","19,507","19,507","169","246","377","475","292","429","432","384","592","794","1,005","1,578","1,888","2,623","2,057","1,848","1,795","1,607","759","134","23"
"제주특별자치도  (5000000000)","662,681","662,681","17,134","25,395","35,322","34,549","28,484","34,920","40,374","36,533","47,019","54,013","57,889","60,319","52,830","47,462","32,300","23,146","17,044","11,379","5,176","1,196","197","331,063","331,063","8,733","13,041","18,048","17,815","15,593","18,290","20,970","18,236","23,422","27,335","29,916","31,218","27,130","23,495","15,301","10,409","6,947","3,733","1,250","166","15","331,618","331,618","8,401","12,354","17,274","16,734","12,891","16,630","19,404","18,297","23,597","26,678","27,973","29,101","25,700","23,967","16,999","12,737","10,097","7,646","3,926","1,030","182"
"제주특별자치도 제주시 (5011000000)","484,149","484,149","13,322","18,874","26,267","25,814","22,246","27,087","31,832","28,222","35,027","39,646","42,166","43,590","37,091","32,591","22,027","15,364","11,226","7,445","3,357","816","139","241,166","241,166","6,774","9,658","13,426","13,304","12,001","14,051","16,425","14,184","17,582","19,967","21,457","22,242","18,838","16,032","10,426","6,869","4,578","2,429","806","109","8","242,983","242,983","6,548","9,216","12,841","12,510","10,245","13,036","15,407","14,038","17,445","19,679","20,709","21,348","18,253","16,559","11,601","8,495","6,648","5,016","2,551","707","131"
"제주특별자치도 서귀포시 (5013000000)","178,532","178,532","3,812","6,521","9,055","8,735","6,238","7,833","8,542","8,311","11,992","14,367","15,723","16,729","15,739","14,871","10,273","7,782","5,818","3,934","1,819","380","58","89,897","89,897","1,959","3,383","4,622","4,511","3,592","4,239","4,545","4,052","5,840","7,368","8,459","8,976","8,292","7,463","4,875","3,540","2,369","1,304","444","57","7","88,635","88,635","1,853","3,138","4,433","4,224","2,646","3,594","3,997","4,259","6,152","6,999","7,264","7,753","7,447","7,408","5,398","4,242","3,449","2,630","1,375","323","51"
